dt_partida_real,flights,paid_passengers
2008-01-01,221,23189
2008-01-02,252,30461
2008-01-03,264,32125
2008-01-04,254,29988
2008-01-05,282,37231
2008-01-06,278,35594
2008-01-07,239,31766
2008-01-08,248,30528
2008-01-09,246,29209
2008-01-10,254,29211
2008-01-11,253,31160
2008-01-12,278,35639
2008-01-13,268,34069
2008-01-14,233,30282
2008-01-15,245,29293
2008-01-16,251,30224
2008-01-17,238,28931
2008-01-18,261,31414
2008-01-19,280,35736
2008-01-20,268,32789
2008-01-21,236,29172
2008-01-22,238,26925
2008-01-23,243,28671
2008-01-24,245,30500
2008-01-25,241,29896
2008-01-26,273,31960
2008-01-27,271,30432
2008-01-28,228,27398
2008-01-29,245,28141
2008-01-30,236,29545
2008-01-31,242,32448
2008-02-01,246,33665
2008-02-02,278,38043
2008-02-03,249,32166
2008-02-04,225,24123
2008-02-05,229,22485
2008-02-06,247,24264
2008-02-07,243,24049
2008-02-08,243,25802
2008-02-09,261,31243
2008-02-10,260,32274
2008-02-11,235,27929
2008-02-12,237,25165
2008-02-13,247,25497
2008-02-14,236,25703
2008-02-15,239,28259
2008-02-16,257,31174
2008-02-17,253,31102
2008-02-18,255,27886
2008-02-19,231,23914
2008-02-20,238,25626
2008-02-21,243,25494
2008-02-22,244,28584
2008-02-23,247,29931
2008-02-24,239,29658
2008-02-25,233,26336
2008-02-26,232,23524
2008-02-27,238,24341
2008-02-28,240,31688
2008-02-29,193,20519
2008-03-01,241,29793
2008-03-02,242,30788
2008-03-03,234,28357
2008-03-04,231,25049
2008-03-05,239,25932
2008-03-06,240,27334
2008-03-07,235,28858
2008-03-08,247,31055
2008-03-09,242,31270
2008-03-10,231,27782
2008-03-11,236,24872
2008-03-12,234,25153
2008-03-13,237,27575
2008-03-14,238,30479
2008-03-15,257,34000
2008-03-16,242,31649
2008-03-17,242,26667
2008-03-18,232,24897
2008-03-19,239,28007
2008-03-20,246,30027
2008-03-21,228,22486
2008-03-22,218,22460
2008-03-23,237,29016
2008-03-24,239,29628
2008-03-25,236,27605
2008-03-26,229,25157
2008-03-27,240,26973
2008-03-28,236,27476
2008-03-29,227,26841
2008-03-30,233,29459
2008-03-31,226,26539
2008-04-01,223,24117
2008-04-02,229,25037
2008-04-03,239,26073
2008-04-04,239,28169
2008-04-05,238,27326
2008-04-06,228,28871
2008-04-07,231,27099
2008-04-08,234,23985
2008-04-09,230,24526
2008-04-10,242,27019
2008-04-11,241,29704
2008-04-12,232,28636
2008-04-13,241,29878
2008-04-14,228,26553
2008-04-15,238,24449
2008-04-16,233,25815
2008-04-17,234,29629
2008-04-18,242,34998
2008-04-19,225,31342
2008-04-20,227,27668
2008-04-21,233,28202
2008-04-22,223,26161
2008-04-23,234,24221
2008-04-24,239,26611
2008-04-25,230,28898
2008-04-26,236,29319
2008-04-27,239,30068
2008-04-28,230,26382
2008-04-29,238,27478
2008-04-30,241,32603
2008-05-01,15,1907
2008-05-01,233,30016
2008-05-02,209,23890
2008-05-03,226,27032
2008-05-04,243,30744
2008-05-05,237,28752
2008-05-06,246,25750
2008-05-07,229,23567
2008-05-08,235,26248
2008-05-09,238,29871
2008-05-10,232,27953
2008-05-11,236,29433
2008-05-12,226,27436
2008-05-13,227,22976
2008-05-14,226,24470
2008-05-15,238,28169
2008-05-16,219,30268
2008-05-17,237,32534
2008-05-18,227,32018
2008-05-19,218,26737
2008-05-20,233,27243
2008-05-21,243,33529
2008-05-22,249,32938
2008-05-23,211,28271
2008-05-24,228,28427
2008-05-25,239,30049
2008-05-26,231,27154
2008-05-27,213,25921
2008-05-28,216,24740
2008-05-29,231,27868
2008-05-30,225,28642
2008-05-31,243,28610
2008-06-01,219,28520
2008-06-02,214,25678
2008-06-03,226,22398
2008-06-04,217,22627
2008-06-05,216,25807
2008-06-06,218,26542
2008-06-07,227,26894
2008-06-08,223,27587
2008-06-09,213,25502
2008-06-10,227,23821
2008-06-11,225,24750
2008-06-12,222,27522
2008-06-13,224,29401
2008-06-14,219,28756
2008-06-15,227,31265
2008-06-16,212,28277
2008-06-17,221,23945
2008-06-18,222,24864
2008-06-19,228,27743
2008-06-20,219,29884
2008-06-21,237,31019
2008-06-22,231,30745
2008-06-23,212,25815
2008-06-24,223,25865
2008-06-25,222,28348
2008-06-26,232,31119
2008-06-27,220,30016
2008-06-28,258,33055
2008-06-29,245,33081
2008-06-30,215,26931
2008-07-01,214,24783
2008-07-02,224,26406
2008-07-03,232,28708
2008-07-04,228,31131
2008-07-05,272,37399
2008-07-06,252,35498
2008-07-07,209,28229
2008-07-08,229,29164
2008-07-09,235,29553
2008-07-10,239,29205
2008-07-11,242,32275
2008-07-12,273,36180
2008-07-13,263,37675
2008-07-14,218,29301
2008-07-15,233,27984
2008-07-16,210,27352
2008-07-17,241,30201
2008-07-18,237,33124
2008-07-19,262,35041
2008-07-20,258,37055
2008-07-21,222,29284
2008-07-22,233,27058
2008-07-23,227,26699
2008-07-24,236,28641
2008-07-25,238,30475
2008-07-26,270,33948
2008-07-27,253,33360
2008-07-28,224,26370
2008-07-29,229,23390
2008-07-30,227,23943
2008-07-31,234,26358
2008-08-01,226,28149
2008-08-02,257,30820
2008-08-03,250,31746
2008-08-04,214,26285
2008-08-05,228,24764
2008-08-06,220,24965
2008-08-07,225,25963
2008-08-08,239,28231
2008-08-09,239,28839
2008-08-10,237,29790
2008-08-11,207,26346
2008-08-12,218,24067
2008-08-13,224,24500
2008-08-14,226,27044
2008-08-15,226,28562
2008-08-16,229,27966
2008-08-17,229,30830
2008-08-18,212,26603
2008-08-19,222,24347
2008-08-20,227,25763
2008-08-21,232,27537
2008-08-22,229,27741
2008-08-23,234,26170
2008-08-24,230,29764
2008-08-25,213,25148
2008-08-26,226,23528
2008-08-27,229,23996
2008-08-28,227,26582
2008-08-29,228,28656
2008-08-30,228,27150
2008-08-31,234,30855
2008-09-01,206,25820
2008-09-02,227,24796
2008-09-03,235,25765
2008-09-04,235,29260
2008-09-05,227,30192
2008-09-06,226,28751
2008-09-07,226,31311
2008-09-08,213,27390
2008-09-09,227,24659
2008-09-10,225,25864
2008-09-11,228,27651
2008-09-12,227,29599
2008-09-13,227,28161
2008-09-14,227,31218
2008-09-15,214,27278
2008-09-16,227,24771
2008-09-17,226,26753
2008-09-18,234,28799
2008-09-19,227,30543
2008-09-20,233,29067
2008-09-21,234,32412
2008-09-22,214,26661
2008-09-23,225,25533
2008-09-24,227,25217
2008-09-25,231,27270
2008-09-26,227,28492
2008-09-27,231,27773
2008-09-28,231,30124
2008-09-29,213,25563
2008-09-30,224,23233
2008-10-01,221,20387
2008-10-02,234,25410
2008-10-03,232,26885
2008-10-04,232,26921
2008-10-05,232,28809
2008-10-06,214,24961
2008-10-07,228,23531
2008-10-08,227,24794
2008-10-09,234,28423
2008-10-10,225,30665
2008-10-11,240,32200
2008-10-12,241,32378
2008-10-13,212,27712
2008-10-14,227,24448
2008-10-15,224,25530
2008-10-16,229,26018
2008-10-17,228,28990
2008-10-18,238,24980
2008-10-19,242,30623
2008-10-20,212,25438
2008-10-21,230,23152
2008-10-22,220,22226
2008-10-23,226,24638
2008-10-24,228,26738
2008-10-25,239,27671
2008-10-26,241,29185
2008-10-27,213,22887
2008-10-28,230,21401
2008-10-29,226,21266
2008-10-30,235,23939
2008-10-31,226,25240
2008-11-01,248,26455
2008-11-02,237,30503
2008-11-03,225,30755
2008-11-04,235,23165
2008-11-05,231,22942
2008-11-06,237,24417
2008-11-07,232,25967
2008-11-08,245,27938
2008-11-09,234,29491
2008-11-10,219,25655
2008-11-11,237,22032
2008-11-12,241,23917
2008-11-13,244,24641
2008-11-14,236,27366
2008-11-15,293,27375
2008-11-16,236,29457
2008-11-17,225,26437
2008-11-18,239,23111
2008-11-19,243,29159
2008-11-20,251,30720
2008-11-21,241,25066
2008-11-22,248,26081
2008-11-23,247,27282
2008-11-24,224,23326
2008-11-25,244,22697
2008-11-26,243,22220
2008-11-27,242,23710
2008-11-28,238,26459
2008-11-29,247,29208
2008-11-30,241,31147
2008-12-01,218,24782
2008-12-02,240,22311
2008-12-03,236,22912
2008-12-04,244,26548
2008-12-05,244,29600
2008-12-06,253,31023
2008-12-07,244,30533
2008-12-08,231,29403
2008-12-09,238,24926
2008-12-10,242,25622
2008-12-11,256,26746
2008-12-12,239,28954
2008-12-13,257,32400
2008-12-14,247,32283
2008-12-15,233,29455
2008-12-16,246,28780
2008-12-17,246,29254
2008-12-18,262,34307
2008-12-19,262,35736
2008-12-20,277,38618
2008-12-21,262,37859
2008-12-22,248,34001
2008-12-23,263,33695
2008-12-24,243,27281
2008-12-25,236,30176
2008-12-26,242,33512
2008-12-27,275,36850
2008-12-28,266,36263
2008-12-29,243,30886
2008-12-30,260,31592
2008-12-31,232,23571
2009-01-01,223,23725
2009-01-02,251,30826
2009-01-03,268,35877
2009-01-04,278,38020
2009-01-05,252,33247
2009-01-06,263,33233
2009-01-07,259,30945
2009-01-08,265,32296
2009-01-09,257,30283
2009-01-10,273,33925
2009-01-11,271,36446
2009-01-12,246,31841
2009-01-13,257,30914
2009-01-14,259,31182
2009-01-15,262,33620
2009-01-16,253,31478
2009-01-17,277,33759
2009-01-18,278,35758
2009-01-19,245,30249
2009-01-20,257,29150
2009-01-21,247,25888
2009-01-22,253,26673
2009-01-23,249,27565
2009-01-24,260,29732
2009-01-25,262,30773
2009-01-26,254,27575
2009-01-27,255,24112
2009-01-28,248,23533
2009-01-29,241,24618
2009-01-30,246,28565
2009-01-31,258,31219
2009-02-01,255,31485
2009-02-02,238,28488
2009-02-03,247,24697
2009-02-04,245,23471
2009-02-05,253,24663
2009-02-06,247,26877
2009-02-07,252,27364
2009-02-08,254,29834
2009-02-09,234,25339
2009-02-10,246,23426
2009-02-11,242,22700
2009-02-12,254,25163
2009-02-13,244,27943
2009-02-14,259,29658
2009-02-15,251,29696
2009-02-16,240,26182
2009-02-17,246,25350
2009-02-18,251,27355
2009-02-19,254,33887
2009-02-20,265,38234
2009-02-21,262,37119
2009-02-22,237,29578
2009-02-23,216,20471
2009-02-24,228,19018
2009-02-25,250,23798
2009-02-26,252,23189
2009-02-27,243,24049
2009-02-28,257,30198
2009-03-01,244,31870
2009-03-02,242,27769
2009-03-03,242,25387
2009-03-04,242,24257
2009-03-05,248,25672
2009-03-06,250,26542
2009-03-07,248,28378
2009-03-08,252,30121
2009-03-09,248,24724
2009-03-10,246,22033
2009-03-11,245,21239
2009-03-12,250,24074
2009-03-13,254,27976
2009-03-14,252,28632
2009-03-15,253,31673
2009-03-16,216,24399
2009-03-17,258,22418
2009-03-18,239,22348
2009-03-19,252,24258
2009-03-20,246,26677
2009-03-21,244,27328
2009-03-22,248,29230
2009-03-23,231,25163
2009-03-24,237,21128
2009-03-25,240,22659
2009-03-26,252,24952
2009-03-27,248,28147
2009-03-28,255,28759
2009-03-29,245,30120
2009-03-30,234,26045
2009-03-31,245,22573
2009-04-01,242,23622
2009-04-02,255,26139
2009-04-03,248,28692
2009-04-04,248,27947
2009-04-05,248,29159
2009-04-06,234,22531
2009-04-07,246,22777
2009-04-08,247,27062
2009-04-09,255,30907
2009-04-10,230,22105
2009-04-11,214,23208
2009-04-12,253,31195
2009-04-13,243,31751
2009-04-14,244,25597
2009-04-15,241,24761
2009-04-16,254,31187
2009-04-17,250,35673
2009-04-18,250,34246
2009-04-19,240,33437
2009-04-20,219,26177
2009-04-21,242,25168
2009-04-22,232,24126
2009-04-23,257,24390
2009-04-24,252,26429
2009-04-25,247,27079
2009-04-26,253,28588
2009-04-27,234,23239
2009-04-28,240,21323
2009-04-29,243,25816
2009-04-30,251,31933
2009-05-01,232,27052
2009-05-02,222,27400
2009-05-03,250,31051
2009-05-04,234,26755
2009-05-05,236,22009
2009-05-06,238,20803
2009-05-07,249,23770
2009-05-08,241,28312
2009-05-09,240,26961
2009-05-10,242,27759
2009-05-11,230,24870
2009-05-12,236,20660
2009-05-13,232,21235
2009-05-14,248,24837
2009-05-15,252,27769
2009-05-16,247,27313
2009-05-17,240,28920
2009-05-18,239,24986
2009-05-19,237,20321
2009-05-20,248,24131
2009-05-21,255,26450
2009-05-22,251,28744
2009-05-23,240,25796
2009-05-24,244,27253
2009-05-25,249,26831
2009-05-26,250,21930
2009-05-27,254,22874
2009-05-28,259,25935
2009-05-29,255,28654
2009-05-30,241,26544
2009-05-31,228,27530
2009-06-01,250,26471
2009-06-02,254,23065
2009-06-03,251,25088
2009-06-04,258,28636
2009-06-05,256,34325
2009-06-06,249,32891
2009-06-07,253,32021
2009-06-08,250,28072
2009-06-09,247,27799
2009-06-10,263,36617
2009-06-11,265,37379
2009-06-12,214,28557
2009-06-13,240,31809
2009-06-14,273,35150
2009-06-15,267,33970
2009-06-16,261,28961
2009-06-17,258,26713
2009-06-18,267,32069
2009-06-19,262,35118
2009-06-20,247,31880
2009-06-21,252,31579
2009-06-22,252,29425
2009-06-23,254,24990
2009-06-24,254,27682
2009-06-25,261,30662
2009-06-26,264,32735
2009-06-27,260,32910
2009-06-28,268,34681
2009-06-29,255,32078
2009-06-30,265,29360
2009-07-01,258,29254
2009-07-02,271,30903
2009-07-03,275,34391
2009-07-04,275,35991
2009-07-05,284,37266
2009-07-06,269,32053
2009-07-07,265,29517
2009-07-08,269,34454
2009-07-09,275,34885
2009-07-10,283,33962
2009-07-11,280,35633
2009-07-12,293,36041
2009-07-13,270,31455
2009-07-14,270,29872
2009-07-15,270,31771
2009-07-16,272,33058
2009-07-17,281,36491
2009-07-18,287,35215
2009-07-19,291,37949
2009-07-20,267,32758
2009-07-21,265,30014
2009-07-22,268,28750
2009-07-23,281,30906
2009-07-24,281,32863
2009-07-25,283,35134
2009-07-26,285,36256
2009-07-27,275,29736
2009-07-28,267,25253
2009-07-29,270,24890
2009-07-30,274,26934
2009-07-31,284,30414
2009-08-01,276,32328
2009-08-02,286,33525
2009-08-03,264,28203
2009-08-04,268,25173
2009-08-05,265,26287
2009-08-06,275,26306
2009-08-07,275,30857
2009-08-08,272,31449
2009-08-09,265,30826
2009-08-10,262,28305
2009-08-11,265,23788
2009-08-12,265,25133
2009-08-13,272,27500
2009-08-14,273,29899
2009-08-15,276,29956
2009-08-16,273,31908
2009-08-17,259,29027
2009-08-18,266,24575
2009-08-19,263,25744
2009-08-20,275,28139
2009-08-21,278,30616
2009-08-22,271,29739
2009-08-23,268,31068
2009-08-24,259,27024
2009-08-25,272,24017
2009-08-26,266,25407
2009-08-27,266,26612
2009-08-28,261,29402
2009-08-29,272,31425
2009-08-30,261,32395
2009-08-31,249,28519
2009-09-01,268,26322
2009-09-02,272,28965
2009-09-03,274,37049
2009-09-04,293,39515
2009-09-05,266,36971
2009-09-06,243,33191
2009-09-07,264,32957
2009-09-08,257,29700
2009-09-09,289,30406
2009-09-10,272,28622
2009-09-11,278,31766
2009-09-12,265,31822
2009-09-13,273,34712
2009-09-14,267,28829
2009-09-15,274,25442
2009-09-16,267,26128
2009-09-17,282,29074
2009-09-18,277,33385
2009-09-19,273,33993
2009-09-20,278,36392
2009-09-21,265,30023
2009-09-22,279,25467
2009-09-23,263,25852
2009-09-24,274,28515
2009-09-25,281,33876
2009-09-26,267,33929
2009-09-27,281,35448
2009-09-28,271,29472
2009-09-29,277,25316
2009-09-30,256,26689
2009-10-01,271,28609
2009-10-02,276,32904
2009-10-03,273,32733
2009-10-04,276,34745
2009-10-05,267,27935
2009-10-06,278,27018
2009-10-07,278,32043
2009-10-08,281,37757
2009-10-09,302,40932
2009-10-10,297,40646
2009-10-11,269,37706
2009-10-12,277,36349
2009-10-13,278,34392
2009-10-14,275,30633
2009-10-15,279,30704
2009-10-16,286,34279
2009-10-17,278,35894
2009-10-18,286,37499
2009-10-19,277,34722
2009-10-20,281,30275
2009-10-21,270,27587
2009-10-22,282,30987
2009-10-23,275,34994
2009-10-24,282,34845
2009-10-25,279,35430
2009-10-26,270,29481
2009-10-27,276,27799
2009-10-28,275,29595
2009-10-29,278,35553
2009-10-30,295,40538
2009-10-31,264,33917
2009-11-01,263,35388
2009-11-02,278,32677
2009-11-03,276,30250
2009-11-04,272,27044
2009-11-05,288,28805
2009-11-06,281,32106
2009-11-07,288,34538
2009-11-08,288,34710
2009-11-09,271,30266
2009-11-10,273,26174
2009-11-11,284,28139
2009-11-12,296,30881
2009-11-13,287,36421
2009-11-14,287,35866
2009-11-15,280,37371
2009-11-16,272,31510
2009-11-17,281,28395
2009-11-18,274,31209
2009-11-19,285,37201
2009-11-20,288,36248
2009-11-21,279,32741
2009-11-22,287,34432
2009-11-23,280,29104
2009-11-24,277,27364
2009-11-25,288,28986
2009-11-26,296,29221
2009-11-27,300,34307
2009-11-28,288,35500
2009-11-29,292,37159
2009-11-30,269,31681
2009-12-01,275,28187
2009-12-02,275,28229
2009-12-03,293,31246
2009-12-04,287,35467
2009-12-05,298,37839
2009-12-06,287,36515
2009-12-07,275,32021
2009-12-08,293,32590
2009-12-09,273,33355
2009-12-10,287,34654
2009-12-11,288,36223
2009-12-12,286,38438
2009-12-13,297,39317
2009-12-14,283,36115
2009-12-15,286,37485
2009-12-16,283,37585
2009-12-17,296,37545
2009-12-18,310,42627
2009-12-19,312,44508
2009-12-20,310,43009
2009-12-21,290,39660
2009-12-22,289,39854
2009-12-23,287,41740
2009-12-24,287,37525
2009-12-25,262,36460
2009-12-26,293,42678
2009-12-27,314,43580
2009-12-28,307,42080
2009-12-29,297,39549
2009-12-30,299,38776
2009-12-31,268,32876
2010-01-01,262,31031
2010-01-02,301,41732
2010-01-03,326,44144
2010-01-04,297,39302
2010-01-05,290,38763
2010-01-06,313,39388
2010-01-07,305,40033
2010-01-08,304,40116
2010-01-09,299,41273
2010-01-10,321,44742
2010-01-11,293,39278
2010-01-12,302,39376
2010-01-13,297,38416
2010-01-14,310,39391
2010-01-15,305,39311
2010-01-16,314,43071
2010-01-17,319,43370
2010-01-18,306,38600
2010-01-19,304,37973
2010-01-20,314,37773
2010-01-21,315,38434
2010-01-22,311,39202
2010-01-23,321,41306
2010-01-24,319,40071
2010-01-25,296,31866
2010-01-26,307,32902
2010-01-27,293,32285
2010-01-28,303,32119
2010-01-29,301,33827
2010-01-30,298,36637
2010-01-31,315,39199
2010-02-01,284,34715
2010-02-02,291,35614
2010-02-03,289,33624
2010-02-04,301,34385
2010-02-05,288,33853
2010-02-06,299,36022
2010-02-07,311,38100
2010-02-08,287,33168
2010-02-09,288,36429
2010-02-10,293,38104
2010-02-11,302,40198
2010-02-12,326,46170
2010-02-13,316,46722
2010-02-14,280,39437
2010-02-15,251,29962
2010-02-16,279,29568
2010-02-17,310,33819
2010-02-18,307,30515
2010-02-19,297,30374
2010-02-20,288,34422
2010-02-21,303,38509
2010-02-22,299,31335
2010-02-23,294,30589
2010-02-24,299,30147
2010-02-25,299,31217
2010-02-26,303,33616
2010-02-27,271,31847
2010-02-28,284,34623
2010-03-01,278,28807
2010-03-02,291,30660
2010-03-03,294,33579
2010-03-04,303,31070
2010-03-05,296,32334
2010-03-06,273,31612
2010-03-07,291,34887
2010-03-08,286,30060
2010-03-09,295,28548
2010-03-10,295,30341
2010-03-11,307,30203
2010-03-12,300,34205
2010-03-13,278,32349
2010-03-14,296,36960
2010-03-15,308,33389
2010-03-16,298,29833
2010-03-17,294,29399
2010-03-18,310,30414
2010-03-19,293,32723
2010-03-20,284,33315
2010-03-21,301,36811
2010-03-22,298,29976
2010-03-23,296,29452
2010-03-24,296,30651
2010-03-25,307,32329
2010-03-26,310,36195
2010-03-27,283,33086
2010-03-28,299,34291
2010-03-29,299,28136
2010-03-30,319,32262
2010-03-31,301,38124
2010-04-01,316,39881
2010-04-02,282,27685
2010-04-03,258,29694
2010-04-04,303,35968
2010-04-05,318,35648
2010-04-06,298,30929
2010-04-07,302,30537
2010-04-08,304,30108
2010-04-09,299,34613
2010-04-10,283,33937
2010-04-11,291,38503
2010-04-12,301,32308
2010-04-13,297,29593
2010-04-14,298,31209
2010-04-15,302,29584
2010-04-16,290,33341
2010-04-17,273,32536
2010-04-18,281,33202
2010-04-19,282,26198
2010-04-20,301,32036
2010-04-21,292,37267
2010-04-22,295,26724
2010-04-23,301,30163
2010-04-24,290,31804
2010-04-25,296,36430
2010-04-26,298,30575
2010-04-27,300,27887
2010-04-28,300,29601
2010-04-29,299,29412
2010-04-30,299,33961
2010-05-01,275,30908
2010-05-02,295,35129
2010-05-03,293,28026
2010-05-04,301,26132
2010-05-05,304,29643
2010-05-06,304,29001
2010-05-07,299,33275
2010-05-08,291,31585
2010-05-09,295,32707
2010-05-10,298,28601
2010-05-11,306,27876
2010-05-12,301,30948
2010-05-13,312,31918
2010-05-14,310,34801
2010-05-15,287,34283
2010-05-16,303,36779
2010-05-17,304,31420
2010-05-18,300,28751
2010-05-19,302,30394
2010-05-20,313,32066
2010-05-21,311,35936
2010-05-22,285,31989
2010-05-23,297,34694
2010-05-24,299,30180
2010-05-25,298,29530
2010-05-26,309,32730
2010-05-27,306,33440
2010-05-28,306,37928
2010-05-29,284,36470
2010-05-30,299,38268
2010-05-31,299,30993
2010-06-01,295,33716
2010-06-02,311,43129
2010-06-03,313,41032
2010-06-04,266,31660
2010-06-05,269,33271
2010-06-06,306,37812
2010-06-07,313,34631
2010-06-08,309,31908
2010-06-09,304,33295
2010-06-10,305,33207
2010-06-11,316,38377
2010-06-12,289,33945
2010-06-13,302,37426
2010-06-14,300,29453
2010-06-15,298,31192
2010-06-16,304,33077
2010-06-17,310,32814
2010-06-18,310,36091
2010-06-19,293,37052
2010-06-20,308,38296
2010-06-21,305,31993
2010-06-22,307,33139
2010-06-23,311,36342
2010-06-24,318,35437
2010-06-25,309,36415
2010-06-26,299,35888
2010-06-27,330,42367
2010-06-28,309,33720
2010-06-29,308,32724
2010-06-30,317,37832
2010-07-01,313,35196
2010-07-02,330,39745
2010-07-03,281,36077
2010-07-04,350,48226
2010-07-05,321,36210
2010-07-06,316,35485
2010-07-07,315,39607
2010-07-08,326,43622
2010-07-09,329,45088
2010-07-10,320,44134
2010-07-11,346,44428
2010-07-12,326,39122
2010-07-13,330,38692
2010-07-14,325,39671
2010-07-15,328,39779
2010-07-16,339,43202
2010-07-17,320,43218
2010-07-18,349,47595
2010-07-19,329,40138
2010-07-20,325,38926
2010-07-21,325,39468
2010-07-22,336,38944
2010-07-23,335,42255
2010-07-24,321,43391
2010-07-25,344,46555
2010-07-26,329,37854
2010-07-27,323,36080
2010-07-28,329,36397
2010-07-29,335,36359
2010-07-30,327,37151
2010-07-31,316,39953
2010-08-01,16,1116
2010-08-01,328,43037
2010-08-02,322,36884
2010-08-03,341,38028
2010-08-04,333,37902
2010-08-05,336,35908
2010-08-06,336,41702
2010-08-07,316,39011
2010-08-08,326,40546
2010-08-09,319,37172
2010-08-10,329,35279
2010-08-11,326,35789
2010-08-12,330,36842
2010-08-13,329,38954
2010-08-14,320,38795
2010-08-15,320,42213
2010-08-16,314,38085
2010-08-17,317,34780
2010-08-18,318,36052
2010-08-19,319,36740
2010-08-20,325,41296
2010-08-21,308,37198
2010-08-22,314,40801
2010-08-23,317,36231
2010-08-24,328,33142
2010-08-25,335,35731
2010-08-26,338,35929
2010-08-27,334,39773
2010-08-28,307,36850
2010-08-29,314,40532
2010-08-30,317,37779
2010-08-31,315,36932
2010-09-01,329,39300
2010-09-02,341,44976
2010-09-03,342,48454
2010-09-04,342,49461
2010-09-05,300,44031
2010-09-06,294,38992
2010-09-07,341,40082
2010-09-08,342,39905
2010-09-09,339,38615
2010-09-10,341,40614
2010-09-11,316,39364
2010-09-12,327,42613
2010-09-13,328,38631
2010-09-14,321,34740
2010-09-15,334,38523
2010-09-16,327,39118
2010-09-17,337,42976
2010-09-18,311,38926
2010-09-19,320,41668
2010-09-20,319,39471
2010-09-21,325,35114
2010-09-22,331,38153
2010-09-23,329,37232
2010-09-24,335,41192
2010-09-25,313,39810
2010-09-26,313,40545
2010-09-27,312,36485
2010-09-28,317,32705
2010-09-29,315,34516
2010-09-30,314,34683
2010-10-01,331,36278
2010-10-02,320,35564
2010-10-03,332,37662
2010-10-04,324,33200
2010-10-05,334,33373
2010-10-06,337,38386
2010-10-07,343,43074
2010-10-08,361,49120
2010-10-09,346,48693
2010-10-10,320,46339
2010-10-11,299,39785
2010-10-12,345,41212
2010-10-13,337,39223
2010-10-14,336,36263
2010-10-15,337,39375
2010-10-16,324,39506
2010-10-17,335,43254
2010-10-18,339,37940
2010-10-19,323,32257
2010-10-20,331,34829
2010-10-21,331,37407
2010-10-22,334,40461
2010-10-23,315,39760
2010-10-24,335,41774
2010-10-25,321,36045
2010-10-26,334,33833
2010-10-27,316,36235
2010-10-28,338,42234
2010-10-29,344,46495
2010-10-30,318,43063
2010-10-31,304,42201
2010-11-01,291,35754
2010-11-02,330,35170
2010-11-03,331,33486
2010-11-04,346,31643
2010-11-05,345,35457
2010-11-06,325,34843
2010-11-07,321,40261
2010-11-08,340,40564
2010-11-09,326,31772
2010-11-10,342,37504
2010-11-11,350,41685
2010-11-12,342,46742
2010-11-13,320,41464
2010-11-14,318,40924
2010-11-15,333,39130
2010-11-16,338,38770
2010-11-17,338,34792
2010-11-18,346,36169
2010-11-19,342,38327
2010-11-20,326,38653
2010-11-21,330,40271
2010-11-22,332,38975
2010-11-23,338,35948
2010-11-24,339,34706
2010-11-25,341,36409
2010-11-26,334,39208
2010-11-27,314,37663
2010-11-28,322,41116
2010-11-29,303,34762
2010-11-30,341,35145
2010-12-01,329,34328
2010-12-02,352,35844
2010-12-03,343,38890
2010-12-04,331,40574
2010-12-05,340,44566
2010-12-06,332,37993
2010-12-07,344,38740
2010-12-08,341,41236
2010-12-09,349,41103
2010-12-10,343,43769
2010-12-11,333,45162
2010-12-12,338,47042
2010-12-13,330,42051
2010-12-14,351,43376
2010-12-15,357,46408
2010-12-16,356,44810
2010-12-17,346,45127
2010-12-18,335,46784
2010-12-19,345,47900
2010-12-20,345,45623
2010-12-21,346,45048
2010-12-22,353,47593
2010-12-23,363,48017
2010-12-24,327,42231
2010-12-25,298,45077
2010-12-26,347,49673
2010-12-27,335,46253
2010-12-28,342,45489
2010-12-29,333,42832
2010-12-30,343,45455
2010-12-31,292,33706
2011-01-01,275,37078
2011-01-02,350,46938
2011-01-03,354,44746
2011-01-04,365,45311
2011-01-05,351,44761
2011-01-06,358,44944
2011-01-07,356,43692
2011-01-08,336,45199
2011-01-09,348,47752
2011-01-10,338,43106
2011-01-11,352,45481
2011-01-12,353,44206
2011-01-13,363,45277
2011-01-14,353,43990
2011-01-15,351,47937
2011-01-16,355,47780
2011-01-17,337,42940
2011-01-18,359,43685
2011-01-19,355,43259
2011-01-20,358,44571
2011-01-21,348,44591
2011-01-22,346,48346
2011-01-23,335,43678
2011-01-24,355,42704
2011-01-25,354,35621
2011-01-26,342,34150
2011-01-27,344,36827
2011-01-28,334,37914
2011-01-29,338,41172
2011-01-30,341,43049
2011-01-31,337,37818
2011-02-01,336,37359
2011-02-02,346,39141
2011-02-03,345,38396
2011-02-04,339,39380
2011-02-05,340,41391
2011-02-06,340,41437
2011-02-07,331,35112
2011-02-08,345,34690
2011-02-09,326,33356
2011-02-10,341,37424
2011-02-11,337,38921
2011-02-12,330,41240
2011-02-13,334,41567
2011-02-14,328,37063
2011-02-15,339,36504
2011-02-16,324,35815
2011-02-17,342,35480
2011-02-18,329,38227
2011-02-19,340,41018
2011-02-20,329,40587
2011-02-21,321,35184
2011-02-22,329,33429
2011-02-23,328,35239
2011-02-24,337,37703
2011-02-25,342,40989
2011-02-26,331,41568
2011-02-27,326,40824
2011-02-28,312,37158
2011-03-01,18,1768
2011-03-01,347,40964
2011-03-02,342,42566
2011-03-03,358,48117
2011-03-04,353,49188
2011-03-05,348,52350
2011-03-06,306,44828
2011-03-07,284,35540
2011-03-08,327,34351
2011-03-09,345,36147
2011-03-10,360,36657
2011-03-11,346,34712
2011-03-12,339,41052
2011-03-13,340,43370
2011-03-14,342,39315
2011-03-15,347,36985
2011-03-16,339,38301
2011-03-17,344,40184
2011-03-18,348,42429
2011-03-19,333,42668
2011-03-20,335,44976
2011-03-21,332,37360
2011-03-22,344,36392
2011-03-23,351,37590
2011-03-24,344,37974
2011-03-25,340,41587
2011-03-26,327,40006
2011-03-27,322,42473
2011-03-28,319,35958
2011-03-29,323,32169
2011-03-30,325,33858
2011-03-31,328,35659
2011-04-01,339,39093
2011-04-02,320,36634
2011-04-03,338,42075
2011-04-04,333,35528
2011-04-05,334,35571
2011-04-06,344,37126
2011-04-07,341,37028
2011-04-08,348,40617
2011-04-09,315,38621
2011-04-10,326,46968
2011-04-11,333,45737
2011-04-12,336,37815
2011-04-13,342,37909
2011-04-14,342,45839
2011-04-15,345,47307
2011-04-16,329,47008
2011-04-17,326,46746
2011-04-18,331,41902
2011-04-19,346,45194
2011-04-20,350,49210
2011-04-21,335,47862
2011-04-22,267,33593
2011-04-23,275,34146
2011-04-24,327,42648
2011-04-25,345,44474
2011-04-26,339,40382
2011-04-27,337,37415
2011-04-28,318,35131
2011-04-29,337,39668
2011-04-30,312,37364
2011-05-01,322,42174
2011-05-02,329,36702
2011-05-03,337,35097
2011-05-04,337,34996
2011-05-05,338,36462
2011-05-06,344,40979
2011-05-07,311,36599
2011-05-08,324,38797
2011-05-09,329,37788
2011-05-10,339,36313
2011-05-11,337,37300
2011-05-12,342,39223
2011-05-13,344,43092
2011-05-14,325,39129
2011-05-15,322,42394
2011-05-16,328,38126
2011-05-17,340,35548
2011-05-18,329,36097
2011-05-19,334,37386
2011-05-20,337,41382
2011-05-21,314,36652
2011-05-22,319,40559
2011-05-23,326,35970
2011-05-24,336,32846
2011-05-25,332,36241
2011-05-26,336,38647
2011-05-27,341,41694
2011-05-28,320,38843
2011-05-29,325,41657
2011-05-30,324,36363
2011-05-31,339,34282
2011-06-01,311,33157
2011-06-02,349,36582
2011-06-03,342,39193
2011-06-04,318,35432
2011-06-05,319,38149
2011-06-06,333,34714
2011-06-07,261,23419
2011-06-08,348,38521
2011-06-09,317,33380
2011-06-10,319,37196
2011-06-11,301,38434
2011-06-12,322,43421
2011-06-13,297,33158
2011-06-14,317,34569
2011-06-15,342,39482
2011-06-16,351,39623
2011-06-17,343,41360
2011-06-18,324,41647
2011-06-19,331,44246
2011-06-20,331,40235
2011-06-21,346,43271
2011-06-22,359,49110
2011-06-23,346,47282
2011-06-24,277,40012
2011-06-25,305,40575
2011-06-26,329,43177
2011-06-27,355,43411
2011-06-28,344,40755
2011-06-29,343,41599
2011-06-30,352,46082
2011-07-01,339,42382
2011-07-02,338,46723
2011-07-03,339,48662
2011-07-04,342,44029
2011-07-05,349,43210
2011-07-06,348,43456
2011-07-07,351,46091
2011-07-08,349,47919
2011-07-09,335,48174
2011-07-10,342,49792
2011-07-11,343,46693
2011-07-12,352,45273
2011-07-13,355,45408
2011-07-14,365,48039
2011-07-15,355,48666
2011-07-16,332,46819
2011-07-17,343,49451
2011-07-18,341,45566
2011-07-19,356,43571
2011-07-20,354,44307
2011-07-21,363,45145
2011-07-22,361,46663
2011-07-23,334,44945
2011-07-24,344,45133
2011-07-25,342,40704
2011-07-26,354,37708
2011-07-27,357,38501
2011-07-28,369,39848
2011-07-29,349,39716
2011-07-30,333,40842
2011-07-31,337,41634
2011-08-01,347,39558
2011-08-02,354,37466
2011-08-03,359,37359
2011-08-04,370,38857
2011-08-05,361,41974
2011-08-06,332,39538
2011-08-07,328,41724
2011-08-08,340,37617
2011-08-09,361,37239
2011-08-10,351,39476
2011-08-11,363,41489
2011-08-12,359,44775
2011-08-13,331,41080
2011-08-14,327,39895
2011-08-15,347,42800
2011-08-16,353,38886
2011-08-17,350,39278
2011-08-18,356,40629
2011-08-19,352,42902
2011-08-20,338,41058
2011-08-21,330,41239
2011-08-22,344,39544
2011-08-23,352,37722
2011-08-24,348,38508
2011-08-25,356,40736
2011-08-26,350,43364
2011-08-27,324,39140
2011-08-28,326,42197
2011-08-29,340,39658
2011-08-30,344,38408
2011-08-31,349,40384
2011-09-01,355,41834
2011-09-02,362,47616
2011-09-03,333,44589
2011-09-04,329,43440
2011-09-05,341,39123
2011-09-06,354,43040
2011-09-07,340,43254
2011-09-08,335,38609
2011-09-09,353,40537
2011-09-10,327,41411
2011-09-11,331,44845
2011-09-12,344,44066
2011-09-13,353,41414
2011-09-14,359,41824
2011-09-15,363,43945
2011-09-16,358,44698
2011-09-17,335,42589
2011-09-18,331,42638
2011-09-19,346,40684
2011-09-20,356,38763
2011-09-21,344,38835
2011-09-22,357,41939
2011-09-23,355,44193
2011-09-24,329,41941
2011-09-25,325,42988
2011-09-26,343,40212
2011-09-27,356,36847
2011-09-28,343,36755
2011-09-29,361,38796
2011-09-30,357,43521
2011-10-01,327,41116
2011-10-02,333,42312
2011-10-03,345,39907
2011-10-04,356,36971
2011-10-05,350,39278
2011-10-06,359,41631
2011-10-07,354,45465
2011-10-08,343,47264
2011-10-09,333,44436
2011-10-10,343,39739
2011-10-11,360,40453
2011-10-12,354,43838
2011-10-13,348,37819
2011-10-14,364,37760
2011-10-15,342,41082
2011-10-16,331,41472
2011-10-17,352,40501
2011-10-18,361,36888
2011-10-19,350,37364
2011-10-20,360,38048
2011-10-21,353,40856
2011-10-22,339,39731
2011-10-23,336,39581
2011-10-24,352,38142
2011-10-25,357,35938
2011-10-26,361,37026
2011-10-27,363,41613
2011-10-28,362,45125
2011-10-29,335,42236
2011-10-30,333,39832
2011-10-31,341,34435
2011-11-01,353,36257
2011-11-02,362,40597
2011-11-03,351,35315
2011-11-04,363,38014
2011-11-05,339,37864
2011-11-06,342,41818
2011-11-07,352,37102
2011-11-08,370,35096
2011-11-09,356,38364
2011-11-10,370,45450
2011-11-11,364,50904
2011-11-12,348,50415
2011-11-13,316,44914
2011-11-14,332,42111
2011-11-15,367,40206
2011-11-16,352,38878
2011-11-17,364,37001
2011-11-18,357,39643
2011-11-19,340,39254
2011-11-20,333,41036
2011-11-21,352,37598
2011-11-22,354,34701
2011-11-23,355,36048
2011-11-24,365,38255
2011-11-25,358,39664
2011-11-26,344,39891
2011-11-27,334,41723
2011-11-28,350,41604
2011-11-29,359,35795
2011-11-30,351,36513
2011-12-01,347,36707
2011-12-02,365,40833
2011-12-03,338,39594
2011-12-04,339,42216
2011-12-05,345,38884
2011-12-06,362,37952
2011-12-07,354,41377
2011-12-08,365,41853
2011-12-09,357,44219
2011-12-10,356,47104
2011-12-11,340,47109
2011-12-12,353,44743
2011-12-13,363,45086
2011-12-14,367,47437
2011-12-15,377,49767
2011-12-16,379,52412
2011-12-17,357,49693
2011-12-18,343,48195
2011-12-19,359,48755
2011-12-20,376,51054
2011-12-21,367,50269
2011-12-22,379,53771
2011-12-23,376,53097
2011-12-24,343,45434
2011-12-25,335,44468
2011-12-26,360,50873
2011-12-27,373,51462
2011-12-28,370,49426
2011-12-29,372,48370
2011-12-30,373,46808
2011-12-31,330,39771
2012-01-01,325,37801
2012-01-02,374,50526
2012-01-03,383,51827
2012-01-04,371,49437
2012-01-05,384,49816
2012-01-06,377,48882
2012-01-07,363,47590
2012-01-08,353,49056
2012-01-09,372,48602
2012-01-10,380,48743
2012-01-11,372,45947
2012-01-12,380,47401
2012-01-13,376,46447
2012-01-14,368,49131
2012-01-15,349,47712
2012-01-16,358,47044
2012-01-17,375,47086
2012-01-18,373,46032
2012-01-19,383,45299
2012-01-20,379,46172
2012-01-21,356,44920
2012-01-22,343,45468
2012-01-23,369,45753
2012-01-24,372,43289
2012-01-25,369,41393
2012-01-26,366,37747
2012-01-27,365,39192
2012-01-28,362,41686
2012-01-29,346,42899
2012-01-30,355,38986
2012-01-31,376,41783
2012-02-01,356,41695
2012-02-02,374,40615
2012-02-03,364,41631
2012-02-04,351,42478
2012-02-05,348,43080
2012-02-06,359,40459
2012-02-07,362,37524
2012-02-08,362,39329
2012-02-09,365,38534
2012-02-10,361,43089
2012-02-11,356,41888
2012-02-12,342,41973
2012-02-13,353,40121
2012-02-14,359,41426
2012-02-15,359,45467
2012-02-16,370,48766
2012-02-17,353,50313
2012-02-18,381,58938
2012-02-19,310,45697
2012-02-20,303,41210
2012-02-21,337,33075
2012-02-22,359,37454
2012-02-23,361,34882
2012-02-24,346,34086
2012-02-25,352,39073
2012-02-26,348,40176
2012-02-27,359,38738
2012-02-28,361,35698
2012-02-29,357,37032
2012-03-01,356,39398
2012-03-02,364,41187
2012-03-03,349,41317
2012-03-04,339,41640
2012-03-05,349,38241
2012-03-06,358,37839
2012-03-07,353,37736
2012-03-08,362,39981
2012-03-09,360,41962
2012-03-10,348,43253
2012-03-11,338,42793
2012-03-12,345,38433
2012-03-13,352,36627
2012-03-14,352,38981
2012-03-15,365,41102
2012-03-16,360,43935
2012-03-17,344,41637
2012-03-18,341,43172
2012-03-19,344,41113
2012-03-20,353,38381
2012-03-21,358,38324
2012-03-22,364,38480
2012-03-23,361,43670
2012-03-24,348,41230
2012-03-25,343,43256
2012-03-26,348,40131
2012-03-27,350,38150
2012-03-28,351,40961
2012-03-29,360,42102
2012-03-30,364,46914
2012-03-31,347,44521
2012-04-01,337,42592
2012-04-02,350,40640
2012-04-03,361,39880
2012-04-04,362,44806
2012-04-05,365,47166
2012-04-06,342,43639
2012-04-07,319,40322
2012-04-08,338,45101
2012-04-09,359,50039
2012-04-10,361,44555
2012-04-11,357,42349
2012-04-12,356,43279
2012-04-13,362,45360
2012-04-14,342,42940
2012-04-15,336,44860
2012-04-16,344,42494
2012-04-17,349,39800
2012-04-18,354,40744
2012-04-19,352,41216
2012-04-20,361,45150
2012-04-21,342,40888
2012-04-22,331,40287
2012-04-23,346,42117
2012-04-24,349,39709
2012-04-25,356,41826
2012-04-26,347,46251
2012-04-27,386,54536
2012-04-28,356,50414
2012-04-29,310,44870
2012-04-30,321,42333
2012-05-01,347,41234
2012-05-02,347,40182
2012-05-03,354,37899
2012-05-04,354,39564
2012-05-05,341,38556
2012-05-06,322,39803
2012-05-07,342,39005
2012-05-08,350,35570
2012-05-09,353,37049
2012-05-10,349,40949
2012-05-11,367,44592
2012-05-12,338,39049
2012-05-13,327,38441
2012-05-14,337,41103
2012-05-15,343,37978
2012-05-16,337,37730
2012-05-17,358,40796
2012-05-18,358,44475
2012-05-19,329,38578
2012-05-20,328,40685
2012-05-21,335,39880
2012-05-22,343,37291
2012-05-23,337,37887
2012-05-24,356,40351
2012-05-25,348,45219
2012-05-26,324,39811
2012-05-27,324,41078
2012-05-28,318,38234
2012-05-29,335,33802
2012-05-30,335,35400
2012-05-31,355,40894
2012-06-01,350,43924
2012-06-02,335,40802
2012-06-03,324,41341
2012-06-04,343,40152
2012-06-05,341,40764
2012-06-06,369,47137
2012-06-07,359,48463
2012-06-08,301,41321
2012-06-09,309,40251
2012-06-10,331,41541
2012-06-11,337,41711
2012-06-12,344,39260
2012-06-13,350,42037
2012-06-14,353,43066
2012-06-15,355,46642
2012-06-16,332,43120
2012-06-17,324,42285
2012-06-18,341,41747
2012-06-19,349,40834
2012-06-20,346,42840
2012-06-21,354,44580
2012-06-22,359,47248
2012-06-23,336,42989
2012-06-24,328,43778
2012-06-25,337,43735
2012-06-26,361,44871
2012-06-27,357,47649
2012-06-28,354,48323
2012-06-29,360,50009
2012-06-30,338,48440
2012-07-01,328,46688
2012-07-02,343,48033
2012-07-03,350,46338
2012-07-04,353,47710
2012-07-05,351,50484
2012-07-06,352,53794
2012-07-07,344,52120
2012-07-08,336,49940
2012-07-09,341,48280
2012-07-10,348,47523
2012-07-11,359,48170
2012-07-12,359,49709
2012-07-13,356,50010
2012-07-14,350,50016
2012-07-15,339,49422
2012-07-16,346,49696
2012-07-17,357,46446
2012-07-18,362,49761
2012-07-19,354,48820
2012-07-20,361,49506
2012-07-21,352,48864
2012-07-22,344,46859
2012-07-23,347,46603
2012-07-24,360,44679
2012-07-25,358,44918
2012-07-26,361,44046
2012-07-27,362,44800
2012-07-28,348,43183
2012-07-29,340,42643
2012-07-30,350,42333
2012-07-31,352,39026
2012-08-01,352,42932
2012-08-02,362,43738
2012-08-03,358,44284
2012-08-04,347,42957
2012-08-05,333,41678
2012-08-06,341,42140
2012-08-07,352,40589
2012-08-08,350,41083
2012-08-09,354,43437
2012-08-10,352,44497
2012-08-11,341,42976
2012-08-12,324,40658
2012-08-13,340,42862
2012-08-14,348,39876
2012-08-15,355,43821
2012-08-16,356,44711
2012-08-17,352,46827
2012-08-18,337,43950
2012-08-19,328,43140
2012-08-20,343,45075
2012-08-21,350,40752
2012-08-22,352,41567
2012-08-23,358,44728
2012-08-24,358,45556
2012-08-25,331,42127
2012-08-26,323,43876
2012-08-27,345,46212
2012-08-28,353,42216
2012-08-29,347,41767
2012-08-30,352,45103
2012-08-31,356,48432
2012-09-01,329,43689
2012-09-02,329,46044
2012-09-03,345,44600
2012-09-04,362,44424
2012-09-05,358,49681
2012-09-06,369,53025
2012-09-07,343,47741
2012-09-08,306,42390
2012-09-09,332,47093
2012-09-10,350,49295
2012-09-11,370,49268
2012-09-12,362,47646
2012-09-13,361,48070
2012-09-14,356,49918
2012-09-15,339,46924
2012-09-16,331,46808
2012-09-17,349,47232
2012-09-18,361,44294
2012-09-19,364,45611
2012-09-20,360,47001
2012-09-21,368,49267
2012-09-22,345,46935
2012-09-23,329,46262
2012-09-24,354,46395
2012-09-25,362,42383
2012-09-26,361,42152
2012-09-27,359,43755
2012-09-28,367,47295
2012-09-29,338,44720
2012-09-30,330,46356
2012-10-01,345,43393
2012-10-02,363,41491
2012-10-03,351,41185
2012-10-04,359,44862
2012-10-05,362,48263
2012-10-06,345,47418
2012-10-07,332,42062
2012-10-08,351,44238
2012-10-09,363,44223
2012-10-10,360,49342
2012-10-11,372,52125
2012-10-12,349,48404
2012-10-13,308,42942
2012-10-14,350,48435
2012-10-15,380,52239
2012-10-16,366,49506
2012-10-17,363,46770
2012-10-18,358,45564
2012-10-19,362,46922
2012-10-20,339,43323
2012-10-21,330,43847
2012-10-22,345,44645
2012-10-23,353,41181
2012-10-24,366,42204
2012-10-25,359,43412
2012-10-26,356,44358
2012-10-27,335,42953
2012-10-28,316,40840
2012-10-29,345,41133
2012-10-30,345,37060
2012-10-31,355,42902
2012-11-01,351,46127
2012-11-02,345,45067
2012-11-03,312,40159
2012-11-04,329,44070
2012-11-05,347,44529
2012-11-06,351,41072
2012-11-07,356,41574
2012-11-08,355,43157
2012-11-09,353,46988
2012-11-10,334,47159
2012-11-11,335,45946
2012-11-12,347,47105
2012-11-13,349,49224
2012-11-14,369,55839
2012-11-15,360,55996
2012-11-16,322,46757
2012-11-17,332,46215
2012-11-18,336,45167
2012-11-19,338,43728
2012-11-20,353,35987
2012-11-21,351,36924
2012-11-22,353,39901
2012-11-23,341,40794
2012-11-24,321,40204
2012-11-25,315,43002
2012-11-26,334,46052
2012-11-27,341,40814
2012-11-28,341,40802
2012-11-29,342,43041
2012-11-30,341,46175
2012-12-01,316,44053
2012-12-02,311,43510
2012-12-03,324,43221
2012-12-04,339,40910
2012-12-05,333,43475
2012-12-06,338,44475
2012-12-07,350,48249
2012-12-08,322,46665
2012-12-09,310,46097
2012-12-10,329,46557
2012-12-11,338,44032
2012-12-12,343,46911
2012-12-13,344,49586
2012-12-14,345,48966
2012-12-15,336,50113
2012-12-16,315,47322
2012-12-17,333,48364
2012-12-18,342,47283
2012-12-19,352,51863
2012-12-20,355,53004
2012-12-21,359,54535
2012-12-22,348,55772
2012-12-23,324,51463
2012-12-24,322,46036
2012-12-25,329,47463
2012-12-26,341,53413
2012-12-27,362,53459
2012-12-28,358,53381
2012-12-29,347,50504
2012-12-30,323,46086
2012-12-31,309,39680
2013-01-01,321,40148
2013-01-02,345,47790
2013-01-03,363,49994
2013-01-04,356,48197
2013-01-05,348,49958
2013-01-06,335,49665
2013-01-07,343,49165
2013-01-08,340,45928
2013-01-09,364,50873
2013-01-10,345,47023
2013-01-11,361,49967
2013-01-12,341,47032
2013-01-13,332,48013
2013-01-14,340,48401
2013-01-15,352,46904
2013-01-16,349,47500
2013-01-17,351,47382
2013-01-18,357,46610
2013-01-19,349,47660
2013-01-20,340,47640
2013-01-21,346,46633
2013-01-22,355,45042
2013-01-23,351,44557
2013-01-24,356,47530
2013-01-25,363,47971
2013-01-26,342,43272
2013-01-27,338,42992
2013-01-28,345,41940
2013-01-29,357,40103
2013-01-30,346,40570
2013-01-31,357,43425
2013-02-01,342,44215
2013-02-02,348,46026
2013-02-03,329,43729
2013-02-04,337,41313
2013-02-05,343,41782
2013-02-06,349,47209
2013-02-07,343,49584
2013-02-08,345,51720
2013-02-09,343,53741
2013-02-10,304,45389
2013-02-11,297,39183
2013-02-12,324,36537
2013-02-13,339,38572
2013-02-14,347,37077
2013-02-15,337,38627
2013-02-16,341,40996
2013-02-17,325,42683
2013-02-18,342,41966
2013-02-19,354,40558
2013-02-20,350,42115
2013-02-21,348,40397
2013-02-22,348,43255
2013-02-23,358,43206
2013-02-24,352,42691
2013-02-25,369,42850
2013-02-26,360,37283
2013-02-27,392,41373
2013-02-28,377,44812
2013-03-01,371,46857
2013-03-02,350,47024
2013-03-03,355,46696
2013-03-04,365,43236
2013-03-05,371,40306
2013-03-06,370,41263
2013-03-07,374,42742
2013-03-08,374,45318
2013-03-09,350,44180
2013-03-10,350,45136
2013-03-11,364,43699
2013-03-12,368,38713
2013-03-13,364,40479
2013-03-14,381,45104
2013-03-15,374,50078
2013-03-16,346,47883
2013-03-17,351,47692
2013-03-18,363,45815
2013-03-19,369,40783
2013-03-20,368,43520
2013-03-21,372,44371
2013-03-22,377,48311
2013-03-23,351,45981
2013-03-24,351,43255
2013-03-25,366,41593
2013-03-26,367,40770
2013-03-27,367,46540
2013-03-28,374,52533
2013-03-29,329,42771
2013-03-30,302,38452
2013-03-31,346,47624
2013-04-01,351,50381
2013-04-02,370,46428
2013-04-03,371,43608
2013-04-04,378,43610
2013-04-05,375,47596
2013-04-06,345,42689
2013-04-07,345,46836
2013-04-08,361,46505
2013-04-09,360,42047
2013-04-10,363,44328
2013-04-11,368,43543
2013-04-12,365,45599
2013-04-13,339,43729
2013-04-14,348,46713
2013-04-15,351,43702
2013-04-16,363,39479
2013-04-17,362,41434
2013-04-18,367,44362
2013-04-19,365,47888
2013-04-20,339,44080
2013-04-21,336,44612
2013-04-22,361,43989
2013-04-23,363,40090
2013-04-24,361,40805
2013-04-25,369,45053
2013-04-26,371,49869
2013-04-27,347,47857
2013-04-28,339,43706
2013-04-29,360,42445
2013-04-30,356,43243
2013-05-01,358,46658
2013-05-02,354,40833
2013-05-03,360,42453
2013-05-04,340,42891
2013-05-05,344,48185
2013-05-06,366,47801
2013-05-07,372,40373
2013-05-08,369,40282
2013-05-09,376,44127
2013-05-10,370,48997
2013-05-11,341,44021
2013-05-12,346,42788
2013-05-13,363,48399
2013-05-14,366,40230
2013-05-15,371,42978
2013-05-16,369,45749
2013-05-17,365,48920
2013-05-18,347,46540
2013-05-19,343,46977
2013-05-20,362,46428
2013-05-21,363,40900
2013-05-22,366,42563
2013-05-23,375,47215
2013-05-24,364,51617
2013-05-25,342,48510
2013-05-26,347,48347
2013-05-27,358,44910
2013-05-28,360,45716
2013-05-29,357,53485
2013-05-30,362,55157
2013-05-31,314,39465
2013-06-01,320,41211
2013-06-02,345,46436
2013-06-03,365,47489
2013-06-04,360,43227
2013-06-05,372,43227
2013-06-06,377,44606
2013-06-07,377,49329
2013-06-08,344,45899
2013-06-09,348,46732
2013-06-10,363,45764
2013-06-11,361,40647
2013-06-12,373,42023
2013-06-13,375,46632
2013-06-14,350,44922
2013-06-15,358,49933
2013-06-16,353,47716
2013-06-17,367,47669
2013-06-18,370,44983
2013-06-19,373,45709
2013-06-20,373,48201
2013-06-21,346,42069
2013-06-22,376,54632
2013-06-23,348,47578
2013-06-24,355,47647
2013-06-25,372,46500
2013-06-26,367,46126
2013-06-27,377,52435
2013-06-28,370,52365
2013-06-29,358,53531
2013-06-30,350,52763
2013-07-01,367,50441
2013-07-02,384,48106
2013-07-03,382,46523
2013-07-04,400,52989
2013-07-05,397,56987
2013-07-06,370,56805
2013-07-07,369,53393
2013-07-08,386,50625
2013-07-09,396,45358
2013-07-10,386,47803
2013-07-11,399,49948
2013-07-12,397,54739
2013-07-13,359,51209
2013-07-14,368,51289
2013-07-15,387,53184
2013-07-16,394,50480
2013-07-17,399,50696
2013-07-18,409,54433
2013-07-19,401,54712
2013-07-20,365,50450
2013-07-21,370,52191
2013-07-22,393,53530
2013-07-23,386,48128
2013-07-24,390,47260
2013-07-25,406,50376
2013-07-26,400,50973
2013-07-27,368,47005
2013-07-28,374,48001
2013-07-29,383,50695
2013-07-30,397,48248
2013-07-31,391,47289
2013-08-01,12,1889
2013-08-01,382,49531
2013-08-02,399,52601
2013-08-03,354,46856
2013-08-04,354,46986
2013-08-05,375,47210
2013-08-06,373,45620
2013-08-07,377,43296
2013-08-08,382,46918
2013-08-09,385,50668
2013-08-10,346,44810
2013-08-11,353,46541
2013-08-12,377,48687
2013-08-13,367,43021
2013-08-14,373,43665
2013-08-15,391,49047
2013-08-16,389,50033
2013-08-17,340,45547
2013-08-18,352,48472
2013-08-19,375,50027
2013-08-20,373,45208
2013-08-21,374,44097
2013-08-22,386,47172
2013-08-23,383,48409
2013-08-24,340,43292
2013-08-25,349,45693
2013-08-26,375,46559
2013-08-27,377,42053
2013-08-28,372,41450
2013-08-29,386,46530
2013-08-30,383,49100
2013-08-31,337,45289
2013-09-01,342,48583
2013-09-02,367,48580
2013-09-03,365,41683
2013-09-04,371,43695
2013-09-05,388,47485
2013-09-06,383,50494
2013-09-07,338,44934
2013-09-08,357,50304
2013-09-09,367,50731
2013-09-10,371,46796
2013-09-11,377,47254
2013-09-12,387,50364
2013-09-13,386,53065
2013-09-14,348,48066
2013-09-15,349,49580
2013-09-16,371,51011
2013-09-17,371,46746
2013-09-18,378,48348
2013-09-19,389,52232
2013-09-20,383,53943
2013-09-21,349,49744
2013-09-22,354,51330
2013-09-23,375,53742
2013-09-24,376,47170
2013-09-25,381,45643
2013-09-26,390,48422
2013-09-27,381,50747
2013-09-28,350,47564
2013-09-29,359,49613
2013-09-30,372,49598
2013-10-01,375,45077
2013-10-02,377,44606
2013-10-03,396,49752
2013-10-04,386,51997
2013-10-05,353,49769
2013-10-06,360,50545
2013-10-07,384,50690
2013-10-08,379,45853
2013-10-09,377,47119
2013-10-10,394,53529
2013-10-11,394,55606
2013-10-12,347,50872
2013-10-13,359,53398
2013-10-14,378,55075
2013-10-15,381,52062
2013-10-16,372,48541
2013-10-17,398,52571
2013-10-18,387,53302
2013-10-19,349,50107
2013-10-20,352,50951
2013-10-21,379,52159
2013-10-22,388,48995
2013-10-23,374,45971
2013-10-24,403,51014
2013-10-25,391,52954
2013-10-26,350,47576
2013-10-27,349,46489
2013-10-28,385,50713
2013-10-29,384,45820
2013-10-30,383,46090
2013-10-31,387,48251
2013-11-01,385,50660
2013-11-02,347,46622
2013-11-03,358,49628
2013-11-04,376,49439
2013-11-05,388,47061
2013-11-06,389,45568
2013-11-07,388,49205
2013-11-08,394,53466
2013-11-09,350,48358
2013-11-10,357,51194
2013-11-11,376,50007
2013-11-12,388,50214
2013-11-13,384,53483
2013-11-14,400,57750
2013-11-15,373,56627
2013-11-16,306,44788
2013-11-17,363,50646
2013-11-18,401,55431
2013-11-19,396,51334
2013-11-20,386,46052
2013-11-21,407,48201
2013-11-22,397,50638
2013-11-23,352,47444
2013-11-24,355,48284
2013-11-25,391,52101
2013-11-26,400,50640
2013-11-27,393,47834
2013-11-28,399,50657
2013-11-29,414,55288
2013-11-30,362,52319
2013-12-01,366,51977
2013-12-02,384,50980
2013-12-03,414,50255
2013-12-04,395,47864
2013-12-05,373,45429
2013-12-06,429,56427
2013-12-07,366,51974
2013-12-08,378,53425
2013-12-09,383,53136
2013-12-10,412,55532
2013-12-11,399,51855
2013-12-12,425,59622
2013-12-13,422,59309
2013-12-14,364,53889
2013-12-15,381,55910
2013-12-16,401,58398
2013-12-17,417,59901
2013-12-18,415,59425
2013-12-19,418,61049
2013-12-20,429,63925
2013-12-21,391,62737
2013-12-22,385,60378
2013-12-23,410,62534
2013-12-24,396,55070
2013-12-25,363,51811
2013-12-26,407,62945
2013-12-27,429,64227
2013-12-28,380,58696
2013-12-29,389,58096
2013-12-30,388,55382
2013-12-31,385,50293
2014-01-01,362,45240
2014-01-02,410,56348
2014-01-03,418,55890
2014-01-04,392,56098
2014-01-05,396,58351
2014-01-06,417,59296
2014-01-07,421,57702
2014-01-08,420,56437
2014-01-09,417,55439
2014-01-10,410,55950
2014-01-11,405,58611
2014-01-12,390,54461
2014-01-13,399,54218
2014-01-14,412,55676
2014-01-15,438,60607
2014-01-16,439,61003
2014-01-17,414,56833
2014-01-18,398,57068
2014-01-19,389,54227
2014-01-20,417,58511
2014-01-21,413,53768
2014-01-22,399,49221
2014-01-23,447,55748
2014-01-24,402,49622
2014-01-25,400,52569
2014-01-26,393,50492
2014-01-27,421,52173
2014-01-28,425,47113
2014-01-29,408,44764
2014-01-30,440,51775
2014-01-31,430,53448
2014-02-01,354,47035
2014-02-02,377,51860
2014-02-03,388,52642
2014-02-04,377,46954
2014-02-05,391,49368
2014-02-06,399,49665
2014-02-07,406,53797
2014-02-08,360,48868
2014-02-09,357,47567
2014-02-10,396,53771
2014-02-11,393,48306
2014-02-12,384,48249
2014-02-13,386,49342
2014-02-14,386,52328
2014-02-15,377,53944
2014-02-16,369,52050
2014-02-17,393,53476
2014-02-18,383,47576
2014-02-19,391,48706
2014-02-20,401,51155
2014-02-21,407,53192
2014-02-22,356,49285
2014-02-23,366,50095
2014-02-24,391,54181
2014-02-25,382,51735
2014-02-26,384,53163
2014-02-27,397,57264
2014-02-28,427,65564
2014-03-01,15,2614
2014-03-01,355,56221
2014-03-02,320,48450
2014-03-03,330,44075
2014-03-04,370,45468
2014-03-05,380,46393
2014-03-06,388,46892
2014-03-07,357,41871
2014-03-08,375,51020
2014-03-09,372,51726
2014-03-10,394,52798
2014-03-11,392,50648
2014-03-12,386,48973
2014-03-13,402,52268
2014-03-14,399,54185
2014-03-15,365,51495
2014-03-16,368,52087
2014-03-17,385,51812
2014-03-18,395,49341
2014-03-19,381,48490
2014-03-20,410,52496
2014-03-21,390,51033
2014-03-22,363,50609
2014-03-23,367,52857
2014-03-24,391,52292
2014-03-25,382,46524
2014-03-26,386,46043
2014-03-27,401,48509
2014-03-28,399,49731
2014-03-29,361,48375
2014-03-30,369,48092
2014-03-31,386,49020
2014-04-01,376,45011
2014-04-02,379,45129
2014-04-03,399,50385
2014-04-04,403,54978
2014-04-05,352,49590
2014-04-06,374,53833
2014-04-07,387,55278
2014-04-08,377,48564
2014-04-09,379,47870
2014-04-10,394,52882
2014-04-11,379,52346
2014-04-12,371,52915
2014-04-13,378,53849
2014-04-14,393,54210
2014-04-15,374,51584
2014-04-16,407,59429
2014-04-17,415,62605
2014-04-18,376,57158
2014-04-19,308,44386
2014-04-20,336,47234
2014-04-21,389,55112
2014-04-22,382,54040
2014-04-23,387,53290
2014-04-24,401,54159
2014-04-25,406,55264
2014-04-26,357,51204
2014-04-27,371,52484
2014-04-28,403,54125
2014-04-29,387,51275
2014-04-30,389,55489
2014-05-01,378,54633
2014-05-02,347,48861
2014-05-03,336,46310
2014-05-04,373,53221
2014-05-05,387,54502
2014-05-06,386,50057
2014-05-07,370,47625
2014-05-08,402,52266
2014-05-09,403,56095
2014-05-10,348,49495
2014-05-11,374,53915
2014-05-12,388,57115
2014-05-13,387,48964
2014-05-14,378,46914
2014-05-15,405,52579
2014-05-16,409,55653
2014-05-17,356,49509
2014-05-18,361,49813
2014-05-19,400,53369
2014-05-20,382,44672
2014-05-21,387,47039
2014-05-22,402,50361
2014-05-23,395,53122
2014-05-24,360,49643
2014-05-25,374,50911
2014-05-26,385,49027
2014-05-27,364,42466
2014-05-28,375,44729
2014-05-29,389,46071
2014-05-30,398,51294
2014-05-31,356,47505
2014-06-01,368,49996
2014-06-02,394,47286
2014-06-03,397,40577
2014-06-04,398,41690
2014-06-05,406,46486
2014-06-06,404,50681
2014-06-07,356,46336
2014-06-08,368,47874
2014-06-09,389,48803
2014-06-10,386,45612
2014-06-11,390,46258
2014-06-12,377,48243
2014-06-13,403,56790
2014-06-14,356,50604
2014-06-15,357,51791
2014-06-16,371,52479
2014-06-17,355,49015
2014-06-18,377,52564
2014-06-19,393,56701
2014-06-20,385,56501
2014-06-21,349,50439
2014-06-22,353,52132
2014-06-23,350,49260
2014-06-24,384,55607
2014-06-25,384,52931
2014-06-26,386,53750
2014-06-27,396,59304
2014-06-28,347,52210
2014-06-29,367,56336
2014-06-30,376,55732
2014-07-01,379,52725
2014-07-02,406,57774
2014-07-03,413,61188
2014-07-04,398,56820
2014-07-05,388,55738
2014-07-06,383,54699
2014-07-07,401,56224
2014-07-08,408,51241
2014-07-09,412,50414
2014-07-10,423,56583
2014-07-11,422,58177
2014-07-12,371,52065
2014-07-13,381,51945
2014-07-14,415,59284
2014-07-15,413,58698
2014-07-16,403,57774
2014-07-17,414,60321
2014-07-18,412,61379
2014-07-19,378,58167
2014-07-20,376,57419
2014-07-21,409,60600
2014-07-22,409,56663
2014-07-23,402,53569
2014-07-24,408,56584
2014-07-25,422,58323
2014-07-26,372,53073
2014-07-27,378,52118
2014-07-28,410,53483
2014-07-29,406,47657
2014-07-30,401,47677
2014-07-31,416,53625
2014-08-01,401,56416
2014-08-02,366,54311
2014-08-03,374,55443
2014-08-04,390,54527
2014-08-05,390,50787
2014-08-06,379,49788
2014-08-07,403,54068
2014-08-08,406,57290
2014-08-09,360,52028
2014-08-10,364,52563
2014-08-11,399,55680
2014-08-12,395,50677
2014-08-13,385,50017
2014-08-14,411,55782
2014-08-15,416,57700
2014-08-16,365,52156
2014-08-17,372,54539
2014-08-18,401,57053
2014-08-19,396,51622
2014-08-20,390,50428
2014-08-21,402,51876
2014-08-22,417,55339
2014-08-23,361,49638
2014-08-24,372,51932
2014-08-25,404,53084
2014-08-26,392,46963
2014-08-27,392,48179
2014-08-28,396,50284
2014-08-29,413,56976
2014-08-30,365,53514
2014-08-31,371,53714
2014-09-01,396,54206
2014-09-02,389,47830
2014-09-03,400,50253
2014-09-04,407,52549
2014-09-05,407,55606
2014-09-06,363,52299
2014-09-07,371,53115
2014-09-08,395,55129
2014-09-09,393,50786
2014-09-10,393,50864
2014-09-11,409,53787
2014-09-12,415,58905
2014-09-13,357,52006
2014-09-14,373,55506
2014-09-15,394,56460
2014-09-16,391,51378
2014-09-17,394,52668
2014-09-18,405,56354
2014-09-19,408,57725
2014-09-20,360,53381
2014-09-21,364,53454
2014-09-22,397,55506
2014-09-23,394,50186
2014-09-24,396,49919
2014-09-25,406,53624
2014-09-26,396,55662
2014-09-27,374,53792
2014-09-28,371,52566
2014-09-29,399,53769
2014-09-30,390,47582
2014-10-01,393,50557
2014-10-02,404,50951
2014-10-03,419,55835
2014-10-04,370,52023
2014-10-05,382,53956
2014-10-06,406,55551
2014-10-07,402,52831
2014-10-08,400,53778
2014-10-09,410,57665
2014-10-10,416,61006
2014-10-11,381,59327
2014-10-12,389,59612
2014-10-13,404,60228
2014-10-14,404,56077
2014-10-15,407,56861
2014-10-16,413,57503
2014-10-17,423,60714
2014-10-18,389,54781
2014-10-19,369,51747
2014-10-20,422,59412
2014-10-21,401,50715
2014-10-22,402,50396
2014-10-23,411,54070
2014-10-24,420,58243
2014-10-25,358,50595
2014-10-26,371,50686
2014-10-27,405,53701
2014-10-28,398,49792
2014-10-29,396,47682
2014-10-30,405,52979
2014-10-31,408,55257
2014-11-01,15,2803
2014-11-01,357,50899
2014-11-02,377,55385
2014-11-03,395,53753
2014-11-04,401,50672
2014-11-05,405,51545
2014-11-06,413,52447
2014-11-07,416,55981
2014-11-08,369,51831
2014-11-09,374,55923
2014-11-10,395,57287
2014-11-11,400,51518
2014-11-12,392,51760
2014-11-13,406,54941
2014-11-14,421,60174
2014-11-15,367,53892
2014-11-16,377,54809
2014-11-17,403,56508
2014-11-18,401,53555
2014-11-19,402,59444
2014-11-20,406,60641
2014-11-21,384,51709
2014-11-22,352,47392
2014-11-23,385,50009
2014-11-24,401,50364
2014-11-25,401,47452
2014-11-26,415,50610
2014-11-27,421,53542
2014-11-28,418,56396
2014-11-29,373,53776
2014-11-30,378,54821
2014-12-01,391,53834
2014-12-02,406,52565
2014-12-03,413,51056
2014-12-04,411,53515
2014-12-05,431,58392
2014-12-06,370,53622
2014-12-07,387,55743
2014-12-08,408,59052
2014-12-09,408,55399
2014-12-10,407,56474
2014-12-11,423,58078
2014-12-12,420,57768
2014-12-13,400,60510
2014-12-14,384,58099
2014-12-15,416,59960
2014-12-16,418,59608
2014-12-17,414,58666
2014-12-18,438,63785
2014-12-19,449,67930
2014-12-20,416,65553
2014-12-21,398,63225
2014-12-22,378,57524
2014-12-23,447,68808
2014-12-24,394,60374
2014-12-25,366,58313
2014-12-26,412,65056
2014-12-27,409,64086
2014-12-28,380,58121
2014-12-29,409,63209
2014-12-30,405,61369
2014-12-31,353,50739
2015-01-01,356,50582
2015-01-02,401,57967
2015-01-03,401,61633
2015-01-04,404,60345
2015-01-05,424,63696
2015-01-06,407,58267
2015-01-07,406,57071
2015-01-08,461,64806
2015-01-09,432,60795
2015-01-10,399,59119
2015-01-11,388,57844
2015-01-12,415,60645
2015-01-13,427,60415
2015-01-14,414,58623
2015-01-15,435,62472
2015-01-16,433,61983
2015-01-17,395,57339
2015-01-18,391,57624
2015-01-19,419,60335
2015-01-20,413,57144
2015-01-21,416,56219
2015-01-22,429,57655
2015-01-23,425,56493
2015-01-24,403,56294
2015-01-25,389,55138
2015-01-26,404,54517
2015-01-27,408,50763
2015-01-28,415,51411
2015-01-29,418,52195
2015-01-30,417,56957
2015-01-31,384,54537
2015-02-01,373,53212
2015-02-02,405,53947
2015-02-03,377,46851
2015-02-04,401,50108
2015-02-05,406,51973
2015-02-06,416,52834
2015-02-07,367,50462
2015-02-08,368,50627
2015-02-09,402,51970
2015-02-10,391,51295
2015-02-11,394,54440
2015-02-12,428,62206
2015-02-13,418,63499
2015-02-14,396,63453
2015-02-15,333,49563
2015-02-16,312,44442
2015-02-17,338,43466
2015-02-18,387,49342
2015-02-19,401,48766
2015-02-20,404,48324
2015-02-21,362,47851
2015-02-22,378,51361
2015-02-23,397,51176
2015-02-24,387,46832
2015-02-25,390,47455
2015-02-26,397,50356
2015-02-27,392,51759
2015-02-28,370,54390
2015-03-01,360,52143
2015-03-02,375,50515
2015-03-03,360,44801
2015-03-04,368,45213
2015-03-05,381,49008
2015-03-06,407,55412
2015-03-07,355,49416
2015-03-08,360,50322
2015-03-09,382,50755
2015-03-10,366,44864
2015-03-11,366,43050
2015-03-12,390,50179
2015-03-13,404,53837
2015-03-14,346,49388
2015-03-15,361,51774
2015-03-16,376,50503
2015-03-17,371,45826
2015-03-18,379,47139
2015-03-19,394,49367
2015-03-20,398,52939
2015-03-21,347,47265
2015-03-22,363,50264
2015-03-23,387,50098
2015-03-24,359,43111
2015-03-25,378,43872
2015-03-26,398,48863
2015-03-27,408,53005
2015-03-28,345,47060
2015-03-29,370,49994
2015-03-30,377,50097
2015-03-31,357,44282
2015-04-01,389,50547
2015-04-02,399,54581
2015-04-03,370,47178
2015-04-04,284,37629
2015-04-05,364,51681
2015-04-06,396,57248
2015-04-07,362,48217
2015-04-08,376,49737
2015-04-09,376,50524
2015-04-10,400,56082
2015-04-11,340,48388
2015-04-12,361,54126
2015-04-13,371,52438
2015-04-14,364,47683
2015-04-15,378,50393
2015-04-16,379,55460
2015-04-17,405,62236
2015-04-18,351,55859
2015-04-19,295,47741
2015-04-20,317,46207
2015-04-21,380,49083
2015-04-22,381,48177
2015-04-23,380,46557
2015-04-24,392,50325
2015-04-25,347,46271
2015-04-26,360,50598
2015-04-27,377,50742
2015-04-28,371,45301
2015-04-29,370,49056
2015-04-30,400,56271
2015-05-01,360,49850
2015-05-02,279,40854
2015-05-03,365,51607
2015-05-04,389,57033
2015-05-05,365,48351
2015-05-06,370,47006
2015-05-07,380,52022
2015-05-08,391,54174
2015-05-09,339,47582
2015-05-10,338,46858
2015-05-11,385,53643
2015-05-12,368,46757
2015-05-13,366,46501
2015-05-14,383,51095
2015-05-15,393,53920
2015-05-16,337,46326
2015-05-17,359,50817
2015-05-18,369,50634
2015-05-19,367,43590
2015-05-20,369,46538
2015-05-21,382,50639
2015-05-22,390,54337
2015-05-23,342,47393
2015-05-24,356,50857
2015-05-25,370,50550
2015-05-26,365,43958
2015-05-27,373,45983
2015-05-28,379,48696
2015-05-29,390,53125
2015-05-30,347,49253
2015-05-31,348,49584
2015-06-01,364,48478
2015-06-02,370,49202
2015-06-03,385,54931
2015-06-04,387,56039
2015-06-05,300,40795
2015-06-06,302,40278
2015-06-07,368,51322
2015-06-08,381,52400
2015-06-09,355,45501
2015-06-10,371,48933
2015-06-11,381,50866
2015-06-12,395,54324
2015-06-13,347,47821
2015-06-14,362,51653
2015-06-15,369,52268
2015-06-16,361,46164
2015-06-17,368,48191
2015-06-18,377,51020
2015-06-19,405,55599
2015-06-20,354,51089
2015-06-21,355,53056
2015-06-22,365,51786
2015-06-23,361,47048
2015-06-24,372,49397
2015-06-25,384,50773
2015-06-26,395,53772
2015-06-27,356,50782
2015-06-28,366,55106
2015-06-29,373,53447
2015-06-30,374,51142
2015-07-01,360,47561
2015-07-02,438,62462
2015-07-03,409,57809
2015-07-04,381,55512
2015-07-05,390,60204
2015-07-06,393,57177
2015-07-07,392,56373
2015-07-08,408,61473
2015-07-09,403,62849
2015-07-10,393,56545
2015-07-11,376,53904
2015-07-12,378,54878
2015-07-13,407,57196
2015-07-14,392,53527
2015-07-15,410,56638
2015-07-16,420,60224
2015-07-17,419,60642
2015-07-18,385,57502
2015-07-19,385,58414
2015-07-20,398,60213
2015-07-21,402,57060
2015-07-22,408,56999
2015-07-23,418,59315
2015-07-24,408,57267
2015-07-25,382,56188
2015-07-26,386,56432
2015-07-27,399,57126
2015-07-28,396,51719
2015-07-29,397,50084
2015-07-30,407,52965
2015-07-31,412,55995
2015-08-01,361,51631
2015-08-02,381,57551
2015-08-03,395,56820
2015-08-04,385,50091
2015-08-05,396,50396
2015-08-06,394,51370
2015-08-07,407,55280
2015-08-08,356,49587
2015-08-09,368,52310
2015-08-10,388,55637
2015-08-11,375,47994
2015-08-12,377,48478
2015-08-13,394,51878
2015-08-14,413,56569
2015-08-15,339,48454
2015-08-16,367,54171
2015-08-17,386,55579
2015-08-18,373,48937
2015-08-19,384,49493
2015-08-20,391,51659
2015-08-21,411,55635
2015-08-22,339,46614
2015-08-23,370,52495
2015-08-24,387,52198
2015-08-25,368,45516
2015-08-26,375,45992
2015-08-27,388,49645
2015-08-28,414,56245
2015-08-29,335,46698
2015-08-30,366,53577
2015-08-31,380,52175
2015-09-01,370,48278
2015-09-02,374,49479
2015-09-03,394,57508
2015-09-04,421,61378
2015-09-05,343,53122
2015-09-06,333,50377
2015-09-07,384,54068
2015-09-08,338,47248
2015-09-09,419,59000
2015-09-10,390,51608
2015-09-11,408,53892
2015-09-12,349,50114
2015-09-13,364,54545
2015-09-14,379,53873
2015-09-15,365,47352
2015-09-16,375,49191
2015-09-17,398,53056
2015-09-18,410,56712
2015-09-19,345,49689
2015-09-20,365,54318
2015-09-21,383,52797
2015-09-22,372,46444
2015-09-23,374,45953
2015-09-24,394,50332
2015-09-25,397,52852
2015-09-26,358,51719
2015-09-27,367,54375
2015-09-28,388,52582
2015-09-29,382,45179
2015-09-30,376,46162
2015-10-01,397,50105
2015-10-02,407,52627
2015-10-03,355,49624
2015-10-04,373,53817
2015-10-05,380,50329
2015-10-06,387,47424
2015-10-07,391,51074
2015-10-08,400,56451
2015-10-09,414,62104
2015-10-10,345,54076
2015-10-11,318,49155
2015-10-12,382,54870
2015-10-13,385,55365
2015-10-14,395,51878
2015-10-15,395,52701
2015-10-16,409,55802
2015-10-17,349,48659
2015-10-18,364,51729
2015-10-19,384,53313
2015-10-20,381,48179
2015-10-21,384,45730
2015-10-22,388,48904
2015-10-23,412,53605
2015-10-24,343,46058
2015-10-25,360,50258
2015-10-26,369,46576
2015-10-27,392,45340
2015-10-28,380,47595
2015-10-29,394,53864
2015-10-30,421,59657
2015-10-31,317,46774
2015-11-01,301,43713
2015-11-02,373,49198
2015-11-03,388,50373
2015-11-04,387,44928
2015-11-05,406,48630
2015-11-06,409,50760
2015-11-07,354,46978
2015-11-08,356,50928
2015-11-09,389,49654
2015-11-10,378,44775
2015-11-11,376,44024
2015-11-12,408,50923
2015-11-13,390,50545
2015-11-14,377,51886
2015-11-15,364,55114
2015-11-16,384,56404
2015-11-17,371,46007
2015-11-18,398,50702
2015-11-19,394,54995
2015-11-20,399,56659
2015-11-21,335,46372
2015-11-22,352,49087
2015-11-23,378,48979
2015-11-24,389,46698
2015-11-25,378,45069
2015-11-26,393,48253
2015-11-27,407,53031
2015-11-28,347,47626
2015-11-29,353,51195
2015-11-30,390,54405
2015-12-01,377,46857
2015-12-02,385,44957
2015-12-03,399,49287
2015-12-04,412,55301
2015-12-05,365,51544
2015-12-06,354,51741
2015-12-07,409,58549
2015-12-08,396,52653
2015-12-09,403,53823
2015-12-10,406,55087
2015-12-11,417,58596
2015-12-12,369,53989
2015-12-13,368,58559
2015-12-14,405,60125
2015-12-15,404,56509
2015-12-16,417,60585
2015-12-17,415,61177
2015-12-18,416,59522
2015-12-19,406,63127
2015-12-20,385,59461
2015-12-21,409,62508
2015-12-22,411,61717
2015-12-23,403,61395
2015-12-24,361,53680
2015-12-25,356,54064
2015-12-26,373,59283
2015-12-27,386,59584
2015-12-28,397,59039
2015-12-29,414,59874
2015-12-30,402,57884
2015-12-31,344,47998
2016-01-01,342,45377
2016-01-02,371,55111
2016-01-03,392,59328
2016-01-04,414,61647
2016-01-05,403,59599
2016-01-06,411,58760
2016-01-07,414,57128
2016-01-08,423,59279
2016-01-09,398,58040
2016-01-10,385,57790
2016-01-11,408,58986
2016-01-12,413,58303
2016-01-13,401,57107
2016-01-14,412,57969
2016-01-15,418,59284
2016-01-16,384,55677
2016-01-17,385,57797
2016-01-18,403,61601
2016-01-19,406,57128
2016-01-20,400,56842
2016-01-21,416,57807
2016-01-22,419,60180
2016-01-23,382,54706
2016-01-24,380,55194
2016-01-25,396,52550
2016-01-26,395,49668
2016-01-27,395,49547
2016-01-28,407,53312
2016-01-29,425,57427
2016-01-30,383,54608
2016-01-31,375,56114
2016-02-01,373,52563
2016-02-02,396,53108
2016-02-03,382,50543
2016-02-04,402,56425
2016-02-05,431,64650
2016-02-06,386,59075
2016-02-07,296,45861
2016-02-08,275,38066
2016-02-09,332,40532
2016-02-10,384,47990
2016-02-11,378,46562
2016-02-12,372,46509
2016-02-13,360,45845
2016-02-14,361,50161
2016-02-15,375,50133
2016-02-16,391,48768
2016-02-17,373,46155
2016-02-18,382,47634
2016-02-19,386,51173
2016-02-20,346,46972
2016-02-21,349,50190
2016-02-22,358,48054
2016-02-23,357,42317
2016-02-24,353,40284
2016-02-25,375,46589
2016-02-26,386,50660
2016-02-27,335,45114
2016-02-28,341,50007
2016-02-29,347,47829
2016-03-01,344,44237
2016-03-02,344,43373
2016-03-03,361,47725
2016-03-04,379,52824
2016-03-05,324,45408
2016-03-06,336,48908
2016-03-07,349,46784
2016-03-08,344,42513
2016-03-09,347,42138
2016-03-10,359,45685
2016-03-11,355,47663
2016-03-12,334,48377
2016-03-13,337,50026
2016-03-14,350,53021
2016-03-15,354,46565
2016-03-16,345,44562
2016-03-17,365,49829
2016-03-18,378,52768
2016-03-19,329,47945
2016-03-20,340,50308
2016-03-21,343,45159
2016-03-22,355,44753
2016-03-23,349,46932
2016-03-24,372,53429
2016-03-25,315,41234
2016-03-26,273,37336
2016-03-27,342,49499
2016-03-28,348,50301
2016-03-29,354,45383
2016-03-30,356,43431
2016-03-31,368,45825
2016-04-01,364,47655
2016-04-02,309,43232
2016-04-03,334,49078
2016-04-04,334,48146
2016-04-05,343,43136
2016-04-06,345,43390
2016-04-07,362,48897
2016-04-08,367,52780
2016-04-09,310,44809
2016-04-10,336,52073
2016-04-11,333,49145
2016-04-12,334,43600
2016-04-13,338,43868
2016-04-14,361,48997
2016-04-15,361,52185
2016-04-16,311,45889
2016-04-17,327,49333
2016-04-18,334,47577
2016-04-19,344,49112
2016-04-20,347,51770
2016-04-21,342,50822
2016-04-22,257,37032
2016-04-23,274,38577
2016-04-24,332,51346
2016-04-25,337,49422
2016-04-26,344,44599
2016-04-27,345,43330
2016-04-28,356,46374
2016-04-29,366,49457
2016-04-30,315,42980
2016-05-01,322,47036
2016-05-02,334,46149
2016-05-03,332,40087
2016-05-04,331,40481
2016-05-05,361,48671
2016-05-06,360,49438
2016-05-07,314,42771
2016-05-08,320,43936
2016-05-09,337,47441
2016-05-10,329,42797
2016-05-11,337,41333
2016-05-12,357,48125
2016-05-13,367,50289
2016-05-14,305,42952
2016-05-15,323,48764
2016-05-16,333,47875
2016-05-17,329,42283
2016-05-18,324,42573
2016-05-19,364,49448
2016-05-20,359,52577
2016-05-21,310,44975
2016-05-22,310,46725
2016-05-23,347,50040
2016-05-24,329,46573
2016-05-25,352,53077
2016-05-26,318,48152
2016-05-27,253,37995
2016-05-28,258,35265
2016-05-29,324,47177
2016-05-30,340,48575
2016-05-31,319,42324
2016-06-01,326,41372
2016-06-02,364,46292
2016-06-03,361,47882
2016-06-04,315,43605
2016-06-05,313,44331
2016-06-06,336,45948
2016-06-07,339,42274
2016-06-08,346,44514
2016-06-09,359,48612
2016-06-10,361,51073
2016-06-11,310,45696
2016-06-12,325,48006
2016-06-13,329,47111
2016-06-14,325,42294
2016-06-15,337,45983
2016-06-16,361,50185
2016-06-17,358,51644
2016-06-18,321,46709
2016-06-19,331,50159
2016-06-20,334,50160
2016-06-21,330,45041
2016-06-22,333,45774
2016-06-23,338,47979
2016-06-24,367,53600
2016-06-25,319,46328
2016-06-26,327,52103
2016-06-27,329,51287
2016-06-28,329,47863
2016-06-29,339,50472
2016-06-30,364,55032
2016-07-01,365,56549
2016-07-02,340,53786
2016-07-03,336,54881
2016-07-04,344,54000
2016-07-05,348,51942
2016-07-06,358,50941
2016-07-07,380,57163
2016-07-08,374,56440
2016-07-09,341,52554
2016-07-10,344,54307
2016-07-11,352,55031
2016-07-12,347,51104
2016-07-13,354,51902
2016-07-14,378,56468
2016-07-15,379,57806
2016-07-16,343,52251
2016-07-17,339,52211
2016-07-18,352,55085
2016-07-19,353,53938
2016-07-20,351,52219
2016-07-21,383,56580
2016-07-22,372,54914
2016-07-23,343,50994
2016-07-24,340,52061
2016-07-25,351,52239
2016-07-26,350,48343
2016-07-27,357,47494
2016-07-28,380,50609
2016-07-29,377,51433
2016-07-30,337,47361
2016-07-31,338,51284
2016-08-01,344,49308
2016-08-02,339,45407
2016-08-03,346,45148
2016-08-04,376,49766
2016-08-05,371,49442
2016-08-06,323,44145
2016-08-07,329,47595
2016-08-08,344,49352
2016-08-09,336,44994
2016-08-10,342,45954
2016-08-11,367,49859
2016-08-12,372,53730
2016-08-13,323,47017
2016-08-14,336,48537
2016-08-15,336,49365
2016-08-16,336,48835
2016-08-17,341,45372
2016-08-18,360,50350
2016-08-19,363,51141
2016-08-20,326,47079
2016-08-21,333,48634
2016-08-22,368,51403
2016-08-23,334,44355
2016-08-24,323,43823
2016-08-25,353,48181
2016-08-26,357,49872
2016-08-27,314,44340
2016-08-28,316,47641
2016-08-29,335,47954
2016-08-30,310,40013
2016-08-31,335,44538
2016-09-01,352,50890
2016-09-02,359,53123
2016-09-03,309,48213
2016-09-04,315,48490
2016-09-05,327,48592
2016-09-06,315,46108
2016-09-07,296,45013
2016-09-08,337,50006
2016-09-09,356,49579
2016-09-10,309,44958
2016-09-11,328,51717
2016-09-12,335,52942
2016-09-13,325,47943
2016-09-14,336,47843
2016-09-15,359,52394
2016-09-16,362,53720
2016-09-17,308,44506
2016-09-18,315,47660
2016-09-19,344,50458
2016-09-20,320,43941
2016-09-21,329,45464
2016-09-22,355,50629
2016-09-23,359,51820
2016-09-24,311,46931
2016-09-25,321,49883
2016-09-26,329,48958
2016-09-27,318,42082
2016-09-28,324,41771
2016-09-29,352,47130
2016-09-30,367,51336
2016-10-01,310,45775
2016-10-02,321,46555
2016-10-03,333,46576
2016-10-04,328,42366
2016-10-05,338,43721
2016-10-06,358,48952
2016-10-07,367,53143
2016-10-08,329,51304
2016-10-09,335,51443
2016-10-10,333,49061
2016-10-11,317,44866
2016-10-12,300,45078
2016-10-13,328,47458
2016-10-14,373,54385
2016-10-15,320,46963
2016-10-16,333,51077
2016-10-17,341,51603
2016-10-18,331,47453
2016-10-19,334,45669
2016-10-20,360,50325
2016-10-21,367,52335
2016-10-22,318,46902
2016-10-23,321,48667
2016-10-24,330,48587
2016-10-25,319,42738
2016-10-26,327,43268
2016-10-27,365,51143
2016-10-28,362,53276
2016-10-29,310,45814
2016-10-30,317,44632
2016-10-31,322,42932
2016-11-01,323,42193
2016-11-02,325,45291
2016-11-03,338,44653
2016-11-04,358,46168
2016-11-05,310,43091
2016-11-06,312,45523
2016-11-07,334,49012
2016-11-08,331,43934
2016-11-09,306,41786
2016-11-10,386,58431
2016-11-11,341,51199
2016-11-12,354,58184
2016-11-13,277,46367
2016-11-14,299,46571
2016-11-15,339,46763
2016-11-16,332,46697
2016-11-17,360,50493
2016-11-18,362,50575
2016-11-19,316,45853
2016-11-20,321,48916
2016-11-21,333,48382
2016-11-22,325,43347
2016-11-23,333,45245
2016-11-24,346,47525
2016-11-25,356,49902
2016-11-26,308,44968
2016-11-27,321,46786
2016-11-28,338,49226
2016-11-29,328,43978
2016-11-30,338,46468
2016-12-01,356,48764
2016-12-02,364,51331
2016-12-03,311,44198
2016-12-04,329,51000
2016-12-05,348,51702
2016-12-06,329,45217
2016-12-07,347,49293
2016-12-08,364,52648
2016-12-09,364,53105
2016-12-10,315,48585
2016-12-11,340,54343
2016-12-12,339,53123
2016-12-13,341,52886
2016-12-14,348,53044
2016-12-15,361,55394
2016-12-16,377,58249
2016-12-17,346,53989
2016-12-18,341,52468
2016-12-19,354,56289
2016-12-20,363,55116
2016-12-21,366,56168
2016-12-22,389,59752
2016-12-23,375,58022
2016-12-24,324,50126
2016-12-25,317,49873
2016-12-26,357,58008
2016-12-27,347,55417
2016-12-28,347,53411
2016-12-29,373,56931
2016-12-30,380,56089
2016-12-31,298,44007
2017-01-01,319,44950
2017-01-02,370,56303
2017-01-03,347,50916
2017-01-04,363,55469
2017-01-05,379,56796
2017-01-06,373,54348
2017-01-07,345,52867
2017-01-08,346,53263
2017-01-09,361,55472
2017-01-10,357,54565
2017-01-11,369,54609
2017-01-12,381,57550
2017-01-13,372,55445
2017-01-14,331,52668
2017-01-15,334,52685
2017-01-16,370,59798
2017-01-17,361,55006
2017-01-18,361,54779
2017-01-19,380,58977
2017-01-20,378,56665
2017-01-21,335,50034
2017-01-22,345,54867
2017-01-23,361,56280
2017-01-24,350,52221
2017-01-25,348,48804
2017-01-26,370,51980
2017-01-27,375,51702
2017-01-28,339,48298
2017-01-29,329,47559
2017-01-30,364,52518
2017-01-31,348,49667
2017-02-01,348,47253
2017-02-02,372,52022
2017-02-03,374,52127
2017-02-04,329,47981
2017-02-05,331,48225
2017-02-06,330,47326
2017-02-07,355,50483
2017-02-08,347,46560
2017-02-09,363,48149
2017-02-10,373,52847
2017-02-11,326,47062
2017-02-12,327,49281
2017-02-13,344,50159
2017-02-14,329,46911
2017-02-15,343,48397
2017-02-16,364,50987
2017-02-17,361,51414
2017-02-18,323,46191
2017-02-19,323,47190
2017-02-20,347,49569
2017-02-21,334,47698
2017-02-22,352,52442
2017-02-23,378,56490
2017-02-24,369,58529
2017-02-25,336,57587
2017-02-26,251,42416
2017-02-27,256,40360
2017-02-28,317,45618
2017-03-01,356,49573
2017-03-02,363,48079
2017-03-03,362,49150
2017-03-04,328,46800
2017-03-05,327,49464
2017-03-06,351,50631
2017-03-07,323,44187
2017-03-08,351,49455
2017-03-09,361,51286
2017-03-10,353,51383
2017-03-11,320,48233
2017-03-12,320,48441
2017-03-13,327,48436
2017-03-14,330,46408
2017-03-15,341,47040
2017-03-16,357,50018
2017-03-17,360,51472
2017-03-18,314,45869
2017-03-19,325,47601
2017-03-20,330,48532
2017-03-21,329,44752
2017-03-22,333,44401
2017-03-23,360,48883
2017-03-24,355,50454
2017-03-25,314,45153
2017-03-26,316,46447
2017-03-27,334,50456
2017-03-28,325,43327
2017-03-29,343,43072
2017-03-30,362,48332
2017-03-31,346,47983
2017-04-01,292,43445
2017-04-02,319,47988
2017-04-03,329,49972
2017-04-04,313,43072
2017-04-05,333,45546
2017-04-06,342,47984
2017-04-07,366,54207
2017-04-08,297,46240
2017-04-09,322,49139
2017-04-10,326,48039
2017-04-11,313,45067
2017-04-12,330,48952
2017-04-13,367,55037
2017-04-14,312,45556
2017-04-15,248,36393
2017-04-16,315,48599
2017-04-17,334,53531
2017-04-18,316,45449
2017-04-19,332,49792
2017-04-20,364,54155
2017-04-21,309,44737
2017-04-22,233,35601
2017-04-23,318,48671
2017-04-24,331,50071
2017-04-25,322,45290
2017-04-26,326,45588
2017-04-27,360,55895
2017-04-28,344,46859
2017-04-29,278,47054
2017-04-30,271,42925
2017-05-01,329,49880
2017-05-02,303,46130
2017-05-03,326,45866
2017-05-04,348,49067
2017-05-05,338,48586
2017-05-06,310,45634
2017-05-07,320,48113
2017-05-08,328,48923
2017-05-09,312,41538
2017-05-10,318,44305
2017-05-11,352,48499
2017-05-12,356,52226
2017-05-13,290,43146
2017-05-14,323,47689
2017-05-15,332,50805
2017-05-16,313,43815
2017-05-17,329,44667
2017-05-18,355,50447
2017-05-19,358,52554
2017-05-20,301,44524
2017-05-21,320,46521
2017-05-22,333,49311
2017-05-23,313,43083
2017-05-24,326,43379
2017-05-25,356,49222
2017-05-26,353,50826
2017-05-27,295,41227
2017-05-28,321,46170
2017-05-29,337,49083
2017-05-30,312,40823
2017-05-31,324,42525
2017-06-01,347,46273
2017-06-02,360,50168
2017-06-03,301,41749
2017-06-04,328,46751
2017-06-05,328,46491
2017-06-06,314,41391
2017-06-07,313,43360
2017-06-08,364,51961
2017-06-09,354,54445
2017-06-10,296,45723
2017-06-11,332,50553
2017-06-12,330,49965
2017-06-13,318,48356
2017-06-14,349,55289
2017-06-15,336,54189
2017-06-16,273,43920
2017-06-17,273,41090
2017-06-18,337,51553
2017-06-19,338,52890
2017-06-20,319,46752
2017-06-21,332,49275
2017-06-22,357,53776
2017-06-23,367,54757
2017-06-24,298,45701
2017-06-25,325,51528
2017-06-26,335,52922
2017-06-27,317,48073
2017-06-28,317,49669
2017-06-29,355,55108
2017-06-30,359,56343
2017-07-01,334,53049
2017-07-02,362,58607
2017-07-03,359,57549
2017-07-04,357,54124
2017-07-05,363,54363
2017-07-06,383,57618
2017-07-07,381,57685
2017-07-08,340,53382
2017-07-09,342,53516
2017-07-10,379,60653
2017-07-11,351,53512
2017-07-12,376,56766
2017-07-13,380,58743
2017-07-14,382,59885
2017-07-15,338,53149
2017-07-16,356,57390
2017-07-17,362,59443
2017-07-18,365,56733
2017-07-19,369,57117
2017-07-20,383,59754
2017-07-21,377,58538
2017-07-22,335,52099
2017-07-23,356,56325
2017-07-24,362,57595
2017-07-25,360,53333
2017-07-26,364,52217
2017-07-27,383,54039
2017-07-28,372,51804
2017-07-29,334,47087
2017-07-30,355,51844
2017-07-31,358,52569
2017-08-01,352,50323
2017-08-02,358,48131
2017-08-03,375,52000
2017-08-04,377,54031
2017-08-05,322,47096
2017-08-06,340,50498
2017-08-07,352,52609
2017-08-08,344,48958
2017-08-09,354,50247
2017-08-10,365,53503
2017-08-11,374,56676
2017-08-12,313,47703
2017-08-13,337,49440
2017-08-14,344,52705
2017-08-15,346,49757
2017-08-16,347,50223
2017-08-17,370,53644
2017-08-18,369,55616
2017-08-19,314,46321
2017-08-20,329,50274
2017-08-21,359,54860
2017-08-22,346,47412
2017-08-23,356,49395
2017-08-24,373,52916
2017-08-25,374,55340
2017-08-26,309,45876
2017-08-27,337,51792
2017-08-28,356,53767
2017-08-29,341,45374
2017-08-30,350,47105
2017-08-31,379,55731
2017-09-01,373,56122
2017-09-02,308,47822
2017-09-03,331,51006
2017-09-04,354,53585
2017-09-05,352,52171
2017-09-06,364,56246
2017-09-07,359,54627
2017-09-08,294,44691
2017-09-09,276,39771
2017-09-10,334,50851
2017-09-11,355,56858
2017-09-12,357,54712
2017-09-13,355,54084
2017-09-14,370,57327
2017-09-15,381,59348
2017-09-16,309,48640
2017-09-17,329,52091
2017-09-18,360,56253
2017-09-19,346,51094
2017-09-20,350,51980
2017-09-21,375,54394
2017-09-22,378,57223
2017-09-23,318,49423
2017-09-24,335,52068
2017-09-25,355,54593
2017-09-26,344,48550
2017-09-27,340,47535
2017-09-28,378,53346
2017-09-29,373,53838
2017-09-30,320,49605
2017-10-01,334,50684
2017-10-02,352,53715
2017-10-03,341,50126
2017-10-04,341,48719
2017-10-05,379,56236
2017-10-06,365,55151
2017-10-07,330,52810
2017-10-08,335,52233
2017-10-09,348,52834
2017-10-10,345,52081
2017-10-11,360,54309
2017-10-12,376,56587
2017-10-13,284,44263
2017-10-14,291,42273
2017-10-15,343,51982
2017-10-16,367,58496
2017-10-17,347,53664
2017-10-18,350,50876
2017-10-19,370,53300
2017-10-20,371,56336
2017-10-21,318,48389
2017-10-22,330,53307
2017-10-23,357,57725
2017-10-24,332,49924
2017-10-25,341,48651
2017-10-26,355,53327
2017-10-27,356,52449
2017-10-28,310,47040
2017-10-29,331,50687
2017-10-30,362,53380
2017-10-31,353,49904
2017-11-01,354,53584
2017-11-02,356,51812
2017-11-03,304,44636
2017-11-04,284,41175
2017-11-05,327,48287
2017-11-06,394,59335
2017-11-07,356,49195
2017-11-08,354,50092
2017-11-09,383,55884
2017-11-10,350,51025
2017-11-11,351,54376
2017-11-12,338,53487
2017-11-13,365,57709
2017-11-14,358,54293
2017-11-15,337,51724
2017-11-16,345,51978
2017-11-17,357,52531
2017-11-18,318,47743
2017-11-19,336,51262
2017-11-20,353,52031
2017-11-21,369,49865
2017-11-22,358,48572
2017-11-23,381,51934
2017-11-24,381,54514
2017-11-25,325,47076
2017-11-26,350,52641
2017-11-27,367,55723
2017-11-28,361,50017
2017-11-29,349,48025
2017-11-30,386,55555
2017-12-01,382,56024
2017-12-02,335,48749
2017-12-03,348,54050
2017-12-04,376,56154
2017-12-05,377,52042
2017-12-06,370,51319
2017-12-07,387,55673
2017-12-08,393,57987
2017-12-09,339,52008
2017-12-10,349,56449
2017-12-11,379,61948
2017-12-12,376,58160
2017-12-13,373,57038
2017-12-14,389,61620
2017-12-15,399,63353
2017-12-16,347,55282
2017-12-17,357,56556
2017-12-18,381,62079
2017-12-19,382,59877
2017-12-20,387,61116
2017-12-21,390,62802
2017-12-22,429,71263
2017-12-23,352,58651
2017-12-24,328,53824
2017-12-25,341,55494
2017-12-26,387,64331
2017-12-27,398,63266
2017-12-28,407,65119
2017-12-29,402,63185
2017-12-30,350,55444
2017-12-31,315,47849
2018-01-01,348,51242
2018-01-02,385,59459
2018-01-03,394,62585
2018-01-04,401,59612
2018-01-05,425,63414
2018-01-06,360,55494
2018-01-07,377,59165
2018-01-08,385,61662
2018-01-09,401,60916
2018-01-10,371,54692
2018-01-11,415,62516
2018-01-12,424,65374
2018-01-13,361,56680
2018-01-14,367,58266
2018-01-15,385,61247
2018-01-16,401,60870
2018-01-17,401,60834
2018-01-18,403,62051
2018-01-19,379,57026
2018-01-20,380,59454
2018-01-21,371,58711
2018-01-22,388,61461
2018-01-23,401,59999
2018-01-24,400,60762
2018-01-25,400,62621
2018-01-26,392,56467
2018-01-27,349,50821
2018-01-28,361,51928
2018-01-29,378,55443
2018-01-30,392,55299
2018-01-31,386,55715
2018-02-01,388,56265
2018-02-02,399,58747
2018-02-03,335,50649
2018-02-04,356,56013
2018-02-05,373,57989
2018-02-06,379,55443
2018-02-07,380,56824
2018-02-08,398,62295
2018-02-09,405,67302
2018-02-10,324,56386
2018-02-11,283,47326
2018-02-12,293,46595
2018-02-13,334,47378
2018-02-14,373,50762
2018-02-15,378,50950
2018-02-16,371,50839
2018-02-17,337,46915
2018-02-18,356,52194
2018-02-19,375,55092
2018-02-20,380,51464
2018-02-21,380,50756
2018-02-22,393,53890
2018-02-23,390,55134
2018-02-24,339,48909
2018-02-25,346,52217
2018-02-26,353,50947
2018-02-27,394,52666
2018-02-28,378,52767
2018-03-01,383,54693
2018-03-02,383,56284
2018-03-03,339,52449
2018-03-04,348,54506
2018-03-05,373,56450
2018-03-06,364,49877
2018-03-07,371,50795
2018-03-08,385,54966
2018-03-09,385,56878
2018-03-10,328,49057
2018-03-11,350,54466
2018-03-12,369,54845
2018-03-13,367,50836
2018-03-14,361,49180
2018-03-15,387,57724
2018-03-16,388,61310
2018-03-17,333,51075
2018-03-18,347,54977
2018-03-19,378,57748
2018-03-20,370,50439
2018-03-21,368,51385
2018-03-22,391,53372
2018-03-23,388,57063
2018-03-24,348,51581
2018-03-25,359,55127
2018-03-26,391,59416
2018-03-27,379,52950
2018-03-28,387,54712
2018-03-29,429,64463
2018-03-30,355,51227
2018-03-31,298,44184
2018-04-01,360,54602
2018-04-02,373,57946
2018-04-03,369,53483
2018-04-04,376,51802
2018-04-05,398,55768
2018-04-06,402,58985
2018-04-07,331,48548
2018-04-08,361,55881
2018-04-09,371,55038
2018-04-10,373,52054
2018-04-11,373,52957
2018-04-12,398,57776
2018-04-13,408,62619
2018-04-14,332,50757
2018-04-15,358,58279
2018-04-16,380,58257
2018-04-17,366,51296
2018-04-18,372,53123
2018-04-19,405,55636
2018-04-20,397,58790
2018-04-21,340,49948
2018-04-22,360,54894
2018-04-23,375,56648
2018-04-24,365,50197
2018-04-25,382,55307
2018-04-26,402,63550
2018-04-27,404,66103
2018-04-28,333,54759
2018-04-29,305,51841
2018-04-30,308,48103
2018-05-01,368,52887
2018-05-02,370,52552
2018-05-03,392,53185
2018-05-04,405,54831
2018-05-05,342,47192
2018-05-06,357,54857
2018-05-07,385,55393
2018-05-08,367,48867
2018-05-09,375,49462
2018-05-10,392,56432
2018-05-11,397,58327
2018-05-12,344,49664
2018-05-13,362,52106
2018-05-14,383,56056
2018-05-15,376,51131
2018-05-16,381,52340
2018-05-17,400,55775
2018-05-18,404,59354
2018-05-19,341,49126
2018-05-20,362,56342
2018-05-21,391,59593
2018-05-22,328,42831
2018-05-23,389,54635
2018-05-24,414,59916
2018-05-25,408,59505
2018-05-26,346,49972
2018-05-27,360,52712
2018-05-28,381,51591
2018-05-29,370,50783
2018-05-30,385,56506
2018-05-31,362,54432
2018-06-01,302,45109
2018-06-02,320,45643
2018-06-03,362,53200
2018-06-04,387,56774
2018-06-05,377,50282
2018-06-06,382,51093
2018-06-07,380,51829
2018-06-08,427,61473
2018-06-09,347,50702
2018-06-10,361,56063
2018-06-11,391,58490
2018-06-12,372,48602
2018-06-13,376,52181
2018-06-14,397,57864
2018-06-15,407,61223
2018-06-16,338,50864
2018-06-17,363,55849
2018-06-18,387,57498
2018-06-19,374,53044
2018-06-20,385,54980
2018-06-21,390,57857
2018-06-22,409,62170
2018-06-23,341,50501
2018-06-24,363,58165
2018-06-25,358,54967
2018-06-26,378,54309
2018-06-27,377,56181
2018-06-28,391,61161
2018-06-29,402,64549
2018-06-30,372,60630
2018-07-01,375,61189
2018-07-02,400,62359
2018-07-03,411,59645
2018-07-04,414,58947
2018-07-05,415,63600
2018-07-06,425,68402
2018-07-07,395,64538
2018-07-08,389,62977
2018-07-09,406,60826
2018-07-10,411,57356
2018-07-11,416,59503
2018-07-12,436,64756
2018-07-13,423,64792
2018-07-14,388,61868
2018-07-15,380,60345
2018-07-16,427,68319
2018-07-17,426,65193
2018-07-18,432,65441
2018-07-19,407,61998
2018-07-20,405,59989
2018-07-21,421,66957
2018-07-22,396,64705
2018-07-23,421,69509
2018-07-24,414,65029
2018-07-25,425,63457
2018-07-26,423,63450
2018-07-27,432,63105
2018-07-28,389,57991
2018-07-29,389,59997
2018-07-30,401,62314
2018-07-31,414,57747
2018-08-01,393,57126
2018-08-02,407,58787
2018-08-03,423,60813
2018-08-04,361,54670
2018-08-05,372,58390
2018-08-06,390,59632
2018-08-07,371,53137
2018-08-08,374,54652
2018-08-09,391,57334
2018-08-10,414,62913
2018-08-11,348,53388
2018-08-12,365,55033
2018-08-13,380,59211
2018-08-14,376,53170
2018-08-15,382,57688
2018-08-16,386,59690
2018-08-17,403,60527
2018-08-18,351,53568
2018-08-19,364,58591
2018-08-20,374,59027
2018-08-21,368,53048
2018-08-22,385,54760
2018-08-23,391,57286
2018-08-24,414,60839
2018-08-25,342,51428
2018-08-26,364,57015
2018-08-27,388,57267
2018-08-28,361,47800
2018-08-29,377,50954
2018-08-30,396,57456
2018-08-31,398,60488
2018-09-01,335,51612
2018-09-02,368,58096
2018-09-03,386,57310
2018-09-04,377,54377
2018-09-05,389,59650
2018-09-06,407,63165
2018-09-07,394,58911
2018-09-08,295,47180
2018-09-09,366,58594
2018-09-10,400,65106
2018-09-11,382,58056
2018-09-12,388,58626
2018-09-13,399,59718
2018-09-14,406,60569
2018-09-15,357,55344
2018-09-16,362,56879
2018-09-17,388,59440
2018-09-18,371,52765
2018-09-19,391,56290
2018-09-20,397,56429
2018-09-21,412,61651
2018-09-22,357,55122
2018-09-23,368,59130
2018-09-24,386,59971
2018-09-25,357,49090
2018-09-26,383,52640
2018-09-27,400,54964
2018-09-28,410,60390
2018-09-29,357,54335
2018-09-30,361,55822
2018-10-01,387,60331
2018-10-02,376,53744
2018-10-03,385,52532
2018-10-04,391,56329
2018-10-05,405,59977
2018-10-06,357,54895
2018-10-07,359,54207
2018-10-08,387,57814
2018-10-09,374,53495
2018-10-10,394,60178
2018-10-11,405,63933
2018-10-12,389,60142
2018-10-13,305,47964
2018-10-14,366,57705
2018-10-15,400,65537
2018-10-16,378,59169
2018-10-17,390,58200
2018-10-18,399,59730
2018-10-19,417,63728
2018-10-20,338,53686
2018-10-21,351,55678
2018-10-22,388,62721
2018-10-23,381,54934
2018-10-24,387,53207
2018-10-25,407,54412
2018-10-26,398,57117
2018-10-27,348,50429
2018-10-28,362,52130
2018-10-29,393,55295
2018-10-30,408,53482
2018-10-31,404,56058
2018-11-01,413,62076
2018-11-02,375,55168
2018-11-03,270,42728
2018-11-04,380,59572
2018-11-05,405,62892
2018-11-06,388,56304
2018-11-07,399,55624
2018-11-08,406,57561
2018-11-09,433,64086
2018-11-10,365,57932
2018-11-11,361,59595
2018-11-12,408,68032
2018-11-13,401,66069
2018-11-14,417,69984
2018-11-15,412,72577
2018-11-16,326,57484
2018-11-17,324,54233
2018-11-18,357,57848
2018-11-19,393,61088
2018-11-20,413,56441
2018-11-21,395,51946
2018-11-22,387,53930
2018-11-23,396,56519
2018-11-24,413,59866
2018-11-25,370,58579
2018-11-26,401,61969
2018-11-27,383,53255
2018-11-28,395,54884
2018-11-29,409,58778
2018-11-30,387,56736
2018-12-01,24,4731
2018-12-01,374,57025
2018-12-02,378,61022
2018-12-03,413,63505
2018-12-04,420,57137
2018-12-05,421,57716
2018-12-06,424,60958
2018-12-07,431,63851
2018-12-08,385,61061
2018-12-09,377,61389
2018-12-10,383,63295
2018-12-11,430,65859
2018-12-12,403,61392
2018-12-13,373,56992
2018-12-14,429,67084
2018-12-15,382,63198
2018-12-16,387,65960
2018-12-17,406,68079
2018-12-18,428,68727
2018-12-19,453,73302
2018-12-20,421,68958
2018-12-21,440,72442
2018-12-22,400,68057
2018-12-23,364,63241
2018-12-24,333,56898
2018-12-25,366,60284
2018-12-26,415,71166
2018-12-27,437,71686
2018-12-28,434,69984
2018-12-29,377,64661
2018-12-30,357,59946
2018-12-31,332,53190
2019-01-01,372,55200
2019-01-02,414,64793
2019-01-03,444,68082
2019-01-04,434,63511
2019-01-05,412,65243
2019-01-06,371,58791
2019-01-07,435,69374
2019-01-08,425,63664
2019-01-09,446,66000
2019-01-10,436,64613
2019-01-11,446,64703
2019-01-12,393,61015
2019-01-13,391,62356
2019-01-14,409,64594
2019-01-15,430,64404
2019-01-16,425,63324
2019-01-17,434,64600
2019-01-18,437,65732
2019-01-19,391,58907
2019-01-20,382,59543
2019-01-21,418,66556
2019-01-22,426,62797
2019-01-23,421,61625
2019-01-24,396,59907
2019-01-25,390,58163
2019-01-26,402,60270
2019-01-27,391,58352
2019-01-28,421,60973
2019-01-29,424,57674
2019-01-30,429,59141
2019-01-31,439,63714
2019-02-01,417,61604
2019-02-02,372,59842
2019-02-03,375,59470
2019-02-04,405,61220
2019-02-05,425,60503
2019-02-06,416,56991
2019-02-07,416,57926
2019-02-08,422,62918
2019-02-09,368,56081
2019-02-10,366,57709
2019-02-11,412,61338
2019-02-12,412,55567
2019-02-13,414,56116
2019-02-14,418,60026
2019-02-15,400,59426
2019-02-16,402,61578
2019-02-17,366,57746
2019-02-18,401,61196
2019-02-19,406,55561
2019-02-20,412,57982
2019-02-21,410,58600
2019-02-22,415,61613
2019-02-23,379,57546
2019-02-24,359,57618
2019-02-25,355,54452
2019-02-26,432,63353
2019-02-27,414,62339
2019-02-28,422,66477
2019-03-01,408,67420
2019-03-02,344,60120
2019-03-03,286,51382
2019-03-04,286,46215
2019-03-05,356,52929
2019-03-06,394,56771
2019-03-07,389,54695
2019-03-08,392,56705
2019-03-09,364,54786
2019-03-10,370,58107
2019-03-11,419,63363
2019-03-12,385,55636
2019-03-13,407,59883
2019-03-14,387,56238
2019-03-15,424,64817
2019-03-16,357,55469
2019-03-17,354,56551
2019-03-18,395,60019
2019-03-19,369,51124
2019-03-20,412,59838
2019-03-21,402,59150
2019-03-22,407,61252
2019-03-23,357,54130
2019-03-24,362,54815
2019-03-25,397,59589
2019-03-26,386,50365
2019-03-27,393,52482
2019-03-28,389,54603
2019-03-29,411,58906
2019-03-30,352,51694
2019-03-31,360,56868
2019-04-01,386,56838
2019-04-02,388,52877
2019-04-03,391,53087
2019-04-04,399,56611
2019-04-05,415,58436
2019-04-06,364,55153
2019-04-07,361,58272
2019-04-08,402,62273
2019-04-09,391,56128
2019-04-10,399,57325
2019-04-11,400,59683
2019-04-12,415,62892
2019-04-13,369,57344
2019-04-14,357,56497
2019-04-15,375,59651
2019-04-16,368,55495
2019-04-17,381,58269
2019-04-18,386,60558
2019-04-19,323,51332
2019-04-20,270,43717
2019-04-21,343,56609
2019-04-22,387,64312
2019-04-23,376,57755
2019-04-24,340,51321
2019-04-25,338,52304
2019-04-26,358,56485
2019-04-27,311,52015
2019-04-28,302,51569
2019-04-29,345,56001
2019-04-30,314,49119
2019-05-01,283,47127
2019-05-02,306,49860
2019-05-03,348,51492
2019-05-04,293,47825
2019-05-05,303,52328
2019-05-06,331,55421
2019-05-07,333,49930
2019-05-08,338,50375
2019-05-09,331,51874
2019-05-10,357,56763
2019-05-11,300,48259
2019-05-12,297,47529
2019-05-13,327,53012
2019-05-14,338,49842
2019-05-15,334,50624
2019-05-16,333,50807
2019-05-17,352,55316
2019-05-18,297,46926
2019-05-19,305,50507
2019-05-20,327,52108
2019-05-21,344,50125
2019-05-22,329,48657
2019-05-23,329,51150
2019-05-24,353,55501
2019-05-25,299,47709
2019-05-26,303,51453
2019-05-27,336,56528
2019-05-28,336,48932
2019-05-29,328,45640
2019-05-30,339,49086
2019-05-31,357,53804
2019-06-01,314,47454
2019-06-02,319,50505
2019-06-03,331,51945
2019-06-04,339,46433
2019-06-05,344,47770
2019-06-06,358,51238
2019-06-07,362,53354
2019-06-08,307,47197
2019-06-09,317,50775
2019-06-10,331,51120
2019-06-11,336,48516
2019-06-12,345,50415
2019-06-13,354,53513
2019-06-14,362,57206
2019-06-15,325,52346
2019-06-16,315,52088
2019-06-17,347,57321
2019-06-18,360,57215
2019-06-19,368,58861
2019-06-20,337,56049
2019-06-21,278,47539
2019-06-22,276,45730
2019-06-23,325,54892
2019-06-24,356,59351
2019-06-25,369,57993
2019-06-26,355,56261
2019-06-27,364,58005
2019-06-28,365,59285
2019-06-29,338,57454
2019-06-30,328,56811
2019-07-01,375,63127
2019-07-02,378,58200
2019-07-03,387,58466
2019-07-04,368,53695
2019-07-05,423,71743
2019-07-06,363,63626
2019-07-07,357,60696
2019-07-08,382,62176
2019-07-09,379,56107
2019-07-10,391,58047
2019-07-11,395,59939
2019-07-12,397,62536
2019-07-13,362,58368
2019-07-14,355,59337
2019-07-15,376,62144
2019-07-16,396,59970
2019-07-17,393,60227
2019-07-18,400,61661
2019-07-19,401,62463
2019-07-20,355,56332
2019-07-21,355,59454
2019-07-22,390,63767
2019-07-23,399,59370
2019-07-24,395,58741
2019-07-25,411,60005
2019-07-26,400,59920
2019-07-27,361,54536
2019-07-28,362,56978
2019-07-29,384,58972
2019-07-30,381,53523
2019-07-31,397,58054
2019-08-01,383,58254
2019-08-02,397,60935
2019-08-03,349,54799
2019-08-04,343,56902
2019-08-05,370,60455
2019-08-06,379,55752
2019-08-07,385,57753
2019-08-08,393,59036
2019-08-09,408,63111
2019-08-10,356,56368
2019-08-11,349,54233
2019-08-12,383,60443
2019-08-13,386,55536
2019-08-14,397,59695
2019-08-15,391,59701
2019-08-16,416,64638
2019-08-17,355,56925
2019-08-18,351,57905
2019-08-19,378,60886
2019-08-20,386,57114
2019-08-21,388,56914
2019-08-22,389,57479
2019-08-23,405,61705
2019-08-24,357,55261
2019-08-25,353,55584
2019-08-26,376,57056
2019-08-27,387,51718
2019-08-28,386,53986
2019-08-29,394,56958
2019-08-30,407,59679
2019-08-31,355,55643
2019-09-01,348,54077
2019-09-02,392,60035
2019-09-03,389,54721
2019-09-04,396,55915
2019-09-05,406,58197
2019-09-06,413,61369
2019-09-07,357,52966
2019-09-08,357,56929
2019-09-09,414,63756
2019-09-10,388,57752
2019-09-11,405,62841
2019-09-12,399,61332
2019-09-13,414,66208
2019-09-14,357,57772
2019-09-15,365,59750
2019-09-16,385,61225
2019-09-17,391,58467
2019-09-18,396,60229
2019-09-19,393,61251
2019-09-20,411,64658
2019-09-21,360,58282
2019-09-22,362,60732
2019-09-23,388,62334
2019-09-24,391,59017
2019-09-25,399,58362
2019-09-26,394,58521
2019-09-27,412,62824
2019-09-28,369,56926
2019-09-29,366,57741
2019-09-30,381,59611
2019-10-01,383,55880
2019-10-02,399,57297
2019-10-03,400,58720
2019-10-04,415,63095
2019-10-05,368,56688
2019-10-06,364,58279
2019-10-07,372,59833
2019-10-08,385,59768
2019-10-09,384,59424
2019-10-10,387,61815
2019-10-11,398,65009
2019-10-12,354,55908
2019-10-13,354,57661
2019-10-14,382,63859
2019-10-15,377,59904
2019-10-16,391,60118
2019-10-17,387,60543
2019-10-18,395,63138
2019-10-19,352,57040
2019-10-20,349,56969
2019-10-21,365,59292
2019-10-22,384,57799
2019-10-23,386,58988
2019-10-24,383,58176
2019-10-25,396,62475
2019-10-26,349,53660
2019-10-27,360,56007
2019-10-28,384,58613
2019-10-29,392,55580
2019-10-30,397,56912
2019-10-31,395,56368
2019-11-01,384,56299
2019-11-02,337,51071
2019-11-03,360,55421
2019-11-04,381,60294
2019-11-05,378,53329
2019-11-06,408,59576
2019-11-07,396,58388
2019-11-08,396,59825
2019-11-09,379,58091
2019-11-10,364,59086
2019-11-11,373,58961
2019-11-12,396,61541
2019-11-13,383,61799
2019-11-14,361,57671
2019-11-15,406,67225
2019-11-16,316,53539
2019-11-17,359,60195
2019-11-18,386,67061
2019-11-19,373,61225
2019-11-20,370,55633
2019-11-21,402,58935
2019-11-22,402,60111
2019-11-23,386,58210
2019-11-24,376,58246
2019-11-25,405,62564
2019-11-26,394,55863
2019-11-27,366,51392
2019-11-28,431,65057
2019-11-29,416,62311
2019-11-30,387,59997
2019-12-01,384,60941
2019-12-02,409,65451
2019-12-03,423,59948
2019-12-04,417,59906
2019-12-05,428,61063
2019-12-06,436,67083
2019-12-07,401,62671
2019-12-08,389,64116
2019-12-09,414,67468
2019-12-10,413,62562
2019-12-11,392,59494
2019-12-12,454,72346
2019-12-13,453,72475
2019-12-14,405,66861
2019-12-15,400,68121
2019-12-16,427,71787
2019-12-17,427,67737
2019-12-18,441,71261
2019-12-19,458,75094
2019-12-20,442,73866
2019-12-21,436,74394
2019-12-22,406,69566
2019-12-23,423,72160
2019-12-24,364,59671
2019-12-25,379,63055
2019-12-26,432,73922
2019-12-27,443,73805
2019-12-28,425,71386
2019-12-29,404,67129
2019-12-30,421,68345
2019-12-31,342,53282
